"Gene.Symbol","ID","GB_ACC","SPOT_ID","Species.Scientific.Name","Annotation.Date","Sequence.Type","Sequence.Source","Target.Description","Representative.Public.ID","Gene.Title","ENTREZ_GENE_ID","RefSeq.Transcript.ID","Gene.Ontology.Biological.Process","Gene.Ontology.Cellular.Component","Gene.Ontology.Molecular.Function","logFC","AveExpr","t","P.Value","adj.P.Val","B","ENTREZID"
"ABCF2","207623_at","NM_005692","","Homo sapiens","Oct 6, 2014","Exemplar sequence","GenBank","gb:NM_005692.2 /DB_XREF=gi:10947136 /GEN=ABCF2 /FEA=FLmRNA /CNT=3 /TID=Hs.153612.0 /TIER=FL /STK=0 /UG=Hs.153612 /LL=10061 /DEF=Homo sapiens ATP-binding cassette, sub-family F (GCN20), member 2 (ABCF2), mRNA. /PROD=ATP-binding cassette, sub-family F, member 2 /FL=gb:AL050291.1 gb:NM_005692.2","NM_005692","ATP-binding cassette, sub-family F (GCN20), member 2","10061","NM_005692 /// NM_007189 /// XM_005249931 /// XM_006715824","0006200 // ATP catabolic process // inferred from electronic annotation /// 0006810 // transport // traceable author statement /// 0008152 // metabolic process // inferred from electronic annotation","0005739 // mitochondrion // inferred from electronic annotation /// 0005740 // mitochondrial envelope // traceable author statement /// 0016020 // membrane // inferred from direct assay /// 0043190 // ATP-binding cassette (ABC) transporter complex // traceable author statement","0000166 // nucleotide binding // inferred from electronic annotation /// 0005215 // transporter activity // traceable author statement /// 0005524 // ATP binding // inferred from electronic annotation /// 0016887 // ATPase activity // inferred from electronic annotation /// 0017111 // nucleoside-triphosphatase activity // inferred from electronic annotation",-1.04601657498774,6.52353673040796,-4.75754091078253,4.17771537192935e-05,0.0442635642238121,2.12904486800129,"10061"
"ARHGAP24","230802_at","AI761947","","Homo sapiens","Oct 6, 2014","Consensus sequence","GenBank","gb:AI761947 /DB_XREF=gi:5177614 /DB_XREF=wh50b09.x1 /CLONE=IMAGE:2384153 /FEA=EST /CNT=11 /TID=Hs.131587.0 /TIER=Stack /STK=8 /UG=Hs.131587 /UG_TITLE=ESTs, Weakly similar to Y053_HUMAN HYPOTHETICAL PROTEIN KIAA0053 (H.sapiens)","AI761947","Rho GTPase activating protein 24","83478","NM_001025616 /// NM_001042669 /// NM_001287805 /// NM_031305 /// XM_005263263","0001525 // angiogenesis // inferred from electronic annotation /// 0007165 // signal transduction // inferred from electronic annotation /// 0007264 // small GTPase mediated signal transduction // traceable author statement /// 0007275 // multicellular organismal development // inferred from electronic annotation /// 0030154 // cell differentiation // inferred from electronic annotation /// 0032863 // activation of Rac GTPase activity // inferred from electronic annotation /// 0035021 // negative regulation of Rac protein signal transduction // inferred from electronic annotation /// 0035313 // wound healing, spreading of epidermal cells // inferred from electronic annotation /// 0051056 // regulation of small GTPase mediated signal transduction // traceable author statement /// 1900028 // negative regulation of ruffle assembly // inferred from electronic annotation","0005622 // intracellular // inferred from electronic annotation /// 0005737 // cytoplasm // inferred from electronic annotation /// 0005829 // cytosol // traceable author statement /// 0005856 // cytoskeleton // inferred from electronic annotation /// 0005912 // adherens junction // inferred from electronic annotation /// 0005925 // focal adhesion // inferred from electronic annotation /// 0030054 // cell junction // inferred from electronic annotation /// 0042995 // cell projection // inferred from electronic annotation","0005096 // GTPase activator activity // inferred from electronic annotation /// 0005515 // protein binding // inferred from physical interaction /// 0030675 // Rac GTPase activator activity // inferred from electronic annotation",-1.66717743628445,6.32662016016329,-5.61898611605677,3.4857055301762e-06,0.0198348809985557,4.38637370612909,"83478"
"ARL4C","213759_at","N74140","","Homo sapiens","Oct 6, 2014","Consensus sequence","GenBank","gb:N74140 /DB_XREF=gi:1231425 /DB_XREF=za76a05.s1 /CLONE=IMAGE:298448 /FEA=EST /CNT=38 /TID=Hs.111554.1 /TIER=Stack /STK=18 /UG=Hs.111554 /LL=10123 /UG_GENE=ARL7 /UG_TITLE=ADP-ribosylation factor-like 7","N74140","ADP-ribosylation factor-like 4C","10123","NM_001282431 /// NM_005737","0006184 // GTP catabolic process // traceable author statement /// 0007264 // small GTPase mediated signal transduction // inferred from electronic annotation /// 0032456 // endocytic recycling // inferred from direct assay","0005634 // nucleus // traceable author statement /// 0005737 // cytoplasm // inferred from direct assay /// 0005886 // plasma membrane // inferred from direct assay /// 0030175 // filopodium // inferred from electronic annotation","0003924 // GTPase activity // traceable author statement /// 0005515 // protein binding // inferred from physical interaction /// 0005525 // GTP binding // inferred from electronic annotation /// 0043014 // alpha-tubulin binding // inferred from direct assay",-1.8741678066171,3.34756010526583,-4.62714960612891,6.07268395260745e-05,0.0461144437651129,1.41048229726787,"10123"
"C1GALT1C1","219283_at","NM_014158","","Homo sapiens","Oct 6, 2014","Exemplar sequence","GenBank","gb:NM_014158.1 /DB_XREF=gi:7661771 /GEN=HSPC067 /FEA=FLmRNA /CNT=47 /TID=Hs.279938.0 /TIER=FL+Stack /STK=17 /UG=Hs.279938 /LL=29071 /DEF=Homo sapiens HSPC067 protein (HSPC067), mRNA. /PROD=HSPC067 protein /FL=gb:NM_014158.1 gb:AF161552.1","NM_014158","C1GALT1-specific chaperone 1","29071","NM_001011551 /// NM_152692","0006493 // protein O-linked glycosylation // inferred from mutant phenotype /// 0016266 // O-glycan processing // traceable author statement /// 0043687 // post-translational protein modification // traceable author statement /// 0044267 // cellular protein metabolic process // traceable author statement","0000139 // Golgi membrane // traceable author statement /// 0016020 // membrane // inferred from electronic annotation /// 0016021 // integral component of membrane // inferred from electronic annotation /// 0070062 // extracellular vesicular exosome // inferred from direct assay","0004653 // polypeptide N-acetylgalactosaminyltransferase activity // traceable author statement /// 0005515 // protein binding // inferred from physical interaction",1.31934221207601,8.45024150660264,4.88659306578143,2.88243790463095e-05,0.0411129624000724,2.47361590291931,"29071"
"CAMK2N1","218309_at","NM_018584","","Homo sapiens","Oct 6, 2014","Exemplar sequence","GenBank","gb:NM_018584.1 /DB_XREF=gi:8924051 /GEN=PRO1489 /FEA=FLmRNA /CNT=150 /TID=Hs.107767.0 /TIER=FL /STK=1 /UG=Hs.107767 /LL=55450 /DEF=Homo sapiens hypothetical protein PRO1489 (PRO1489), mRNA. /PROD=hypothetical protein PRO1489 /FL=gb:AF116637.1 gb:NM_018584.1","NM_018584","calcium/calmodulin-dependent protein kinase II inhibitor 1","55450","NM_018584","0006469 // negative regulation of protein kinase activity // inferred from electronic annotation","0005886 // plasma membrane // inferred from electronic annotation /// 0014069 // postsynaptic density // inferred from electronic annotation /// 0016020 // membrane // inferred from electronic annotation /// 0030054 // cell junction // inferred from electronic annotation /// 0030425 // dendrite // inferred from electronic annotation /// 0043005 // neuron projection // inferred from electronic annotation /// 0043025 // neuronal cell body // inferred from electronic annotation /// 0045202 // synapse // inferred from electronic annotation /// 0045211 // postsynaptic membrane // inferred from electronic annotation","0004860 // protein kinase inhibitor activity // inferred from electronic annotation /// 0008427 // calcium-dependent protein kinase inhibitor activity // inferred from electronic annotation /// 0019901 // protein kinase binding // inferred from electronic annotation",-0.889296347359942,6.05641449651134,-4.58394733888878,6.87213134647411e-05,0.0482541372979867,1.67061204168765,"55450"
"CASP7","207181_s_at","NM_001227","","Homo sapiens","Oct 6, 2014","Exemplar sequence","GenBank","gb:NM_001227.1 /DB_XREF=gi:4502580 /GEN=CASP7 /FEA=FLmRNA /CNT=11 /TID=Hs.9216.0 /TIER=FL /STK=0 /UG=Hs.9216 /LL=840 /DEF=Homo sapiens caspase 7, apoptosis-related cysteine protease (CASP7), mRNA. /PROD=caspase 7, apoptosis-related cysteine protease /FL=gb:U67319.1 gb:U67320.1 gb:NM_001227.1 gb:U37448.1 gb:U40281.1","NM_001227","caspase 7, apoptosis-related cysteine peptidase","840","NM_001227 /// NM_001267056 /// NM_001267057 /// NM_001267058 /// NM_033338 /// NM_033339 /// NM_033340 /// XM_006718016 /// XM_006718017 /// XM_006718018 /// XM_006718019","0001836 // release of cytochrome c from mitochondria // inferred from electronic annotation /// 0006508 // proteolysis // inferred from direct assay /// 0006915 // apoptotic process // traceable author statement /// 0006921 // cellular component disassembly involved in execution phase of apoptosis // traceable author statement /// 0007507 // heart development // inferred from electronic annotation /// 0007568 // aging // inferred from electronic annotation /// 0008635 // activation of cysteine-type endopeptidase activity involved in apoptotic process by cytochrome c // traceable author statement /// 0009411 // response to UV // inferred from electronic annotation /// 0016485 // protein processing // inferred from electronic annotation /// 0043525 // positive regulation of neuron apoptotic process // inferred from electronic annotation /// 0097193 // intrinsic apoptotic signaling pathway // traceable author statement /// 0097194 // execution phase of apoptosis // not recorded","0005634 // nucleus // inferred from direct assay /// 0005654 // nucleoplasm // traceable author statement /// 0005737 // cytoplasm // traceable author statement /// 0005829 // cytosol // inferred from direct assay /// 0005829 // cytosol // traceable author statement /// 0043231 // intracellular membrane-bounded organelle // inferred from electronic annotation","0004190 // aspartic-type endopeptidase activity // inferred from electronic annotation /// 0004197 // cysteine-type endopeptidase activity // not recorded /// 0004197 // cysteine-type endopeptidase activity // traceable author statement /// 0005515 // protein binding // inferred from physical interaction /// 0008233 // peptidase activity // inferred from electronic annotation /// 0008234 // cysteine-type peptidase activity // traceable author statement /// 0016787 // hydrolase activity // inferred from electronic annotation /// 0097153 // cysteine-type endopeptidase activity involved in apoptotic process // inferred from electronic annotation",0.888733698571288,8.67769077193314,5.55993951236069,4.13246622510171e-06,0.0205402355324942,4.27043997163853,"840"
"CCNY","224647_at","AI766065","","Homo sapiens","Oct 6, 2014","Consensus sequence","GenBank","gb:AI766065 /DB_XREF=gi:5232574 /DB_XREF=wh67e11.x1 /CLONE=IMAGE:2385836 /FEA=EST /CNT=321 /TID=Hs.6820.0 /TIER=Stack /STK=52 /UG=Hs.6820 /UG_TITLE=ESTs, Weakly similar to YOJ1_CAEEL HYPOTHETICAL 63.5 KD PROTEIN ZK353.1 IN CHROMOSOME III (C.elegans)","AI766065","cyclin Y","219771","NM_001282852 /// NM_001282853 /// NM_001282854 /// NM_145012 /// NM_181698 /// XM_005252388 /// XM_006717392","0000079 // regulation of cyclin-dependent protein serine/threonine kinase activity // inferred from electronic annotation /// 0000086 // G2/M transition of mitotic cell cycle // inferred from direct assay /// 0007049 // cell cycle // inferred from electronic annotation /// 0016055 // Wnt signaling pathway // inferred from electronic annotation /// 0045737 // positive regulation of cyclin-dependent protein serine/threonine kinase activity // inferred from direct assay /// 0051301 // cell division // inferred from electronic annotation /// 0060828 // regulation of canonical Wnt signaling pathway // inferred from direct assay","0000308 // cytoplasmic cyclin-dependent protein kinase holoenzyme complex // inferred from direct assay /// 0005634 // nucleus // inferred from direct assay /// 0005886 // plasma membrane // inferred from direct assay /// 0016020 // membrane // inferred from electronic annotation /// 0070062 // extracellular vesicular exosome // inferred from direct assay","0005515 // protein binding // inferred from physical interaction /// 0016538 // cyclin-dependent protein serine/threonine kinase regulator activity // inferred from direct assay /// 0019901 // protein kinase binding // inferred from electronic annotation",-0.62472739854628,9.69867745732732,-5.26912875178482,9.56414473616299e-06,0.0261459806724856,3.49879944296673,"219771"
"CD160","207840_at","NM_007053","","Homo sapiens","Oct 6, 2014","Exemplar sequence","GenBank","gb:NM_007053.1 /DB_XREF=gi:5901909 /GEN=BY55 /FEA=FLmRNA /CNT=4 /TID=Hs.81743.0 /TIER=FL /STK=2 /UG=Hs.81743 /LL=11126 /DEF=Homo sapiens natural killer cell receptor, immunoglobulin superfamily member (BY55), mRNA. /PROD=natural killer cell receptor, immunoglobulinsuperfamily member /FL=gb:NM_007053.1 gb:AF060981.1","NM_007053","CD160 molecule","11126","NM_007053 /// NR_103845 /// XM_005272929 /// XM_005272930","0006968 // cellular defense response // traceable author statement /// 0007166 // cell surface receptor signaling pathway // traceable author statement /// 0008283 // cell proliferation // traceable author statement /// 0050776 // regulation of immune response // traceable author statement /// 0050829 // defense response to Gram-negative bacterium // inferred from electronic annotation","0005886 // plasma membrane // traceable author statement /// 0016020 // membrane // inferred from electronic annotation /// 0016021 // integral component of membrane // inferred from electronic annotation /// 0031225 // anchored component of membrane // inferred from electronic annotation /// 0046658 // anchored component of plasma membrane // inferred from direct assay","0004872 // receptor activity // traceable author statement /// 0005102 // receptor binding // inferred from direct assay /// 0032393 // MHC class I receptor activity // inferred from direct assay",-1.40599080384844,9.03664555575313,-4.96551830720119,2.29633241281165e-05,0.0392349920845241,2.68233152548823,"11126"
"CD38","205692_s_at","NM_001775","","Homo sapiens","Oct 6, 2014","Exemplar sequence","GenBank","gb:NM_001775.1 /DB_XREF=gi:4502664 /GEN=CD38 /FEA=FLmRNA /CNT=34 /TID=Hs.66052.0 /TIER=FL+Stack /STK=8 /UG=Hs.66052 /LL=952 /DEF=Homo sapiens CD38 antigen (p45) (CD38), mRNA. /PROD=CD38 antigen (p45) /FL=gb:NM_001775.1 gb:D84276.1 gb:M34461.1","NM_001775","CD38 molecule","952","NM_001775 /// XR_241678","0001666 // response to hypoxia // inferred from electronic annotation /// 0007165 // signal transduction // non-traceable author statement /// 0007204 // positive regulation of cytosolic calcium ion concentration // inferred from electronic annotation /// 0007565 // female pregnancy // inferred from electronic annotation /// 0008152 // metabolic process // inferred from electronic annotation /// 0009725 // response to hormone // inferred from electronic annotation /// 0030307 // positive regulation of cell growth // inferred from electronic annotation /// 0030890 // positive regulation of B cell proliferation // inferred from mutant phenotype /// 0032024 // positive regulation of insulin secretion // inferred from electronic annotation /// 0032355 // response to estradiol // inferred from electronic annotation /// 0032526 // response to retinoic acid // inferred from electronic annotation /// 0032570 // response to progesterone // inferred from electronic annotation /// 0033194 // response to hydroperoxide // inferred from electronic annotation /// 0034097 // response to cytokine // inferred from electronic annotation /// 0042493 // response to drug // inferred from mutant phenotype /// 0043066 // negative regulation of apoptotic process // inferred from mutant phenotype /// 0045779 // negative regulation of bone resorption // inferred from electronic annotation /// 0045892 // negative regulation of transcription, DNA-templated // inferred from mutant phenotype /// 0045893 // positive regulation of transcription, DNA-templated // inferred from mutant phenotype /// 0045907 // positive regulation of vasoconstriction // inferred from electronic annotation /// 0050853 // B cell receptor signaling pathway // inferred from mutant phenotype /// 0060292 // long term synaptic depression // inferred from electronic annotation /// 0070555 // response to interleukin-1 // inferred from electronic annotation /// 0097190 // apoptotic signaling pathway // traceable author statement","0005634 // nucleus // inferred from electronic annotation /// 0005886 // plasma membrane // inferred from electronic annotation /// 0009986 // cell surface // inferred from electronic annotation /// 0016020 // membrane // traceable author statement /// 0016021 // integral component of membrane // inferred from electronic annotation /// 0043231 // intracellular membrane-bounded organelle // inferred from electronic annotation","0003953 // NAD+ nucleosidase activity // inferred from electronic annotation /// 0016740 // transferase activity // inferred from electronic annotation /// 0016787 // hydrolase activity // inferred from electronic annotation /// 0016798 // hydrolase activity, acting on glycosyl bonds // inferred from electronic annotation /// 0016849 // phosphorus-oxygen lyase activity // inferred from electronic annotation /// 0050135 // NAD(P)+ nucleosidase activity // inferred from electronic annotation",1.92462000931623,10.6499205385693,4.65609410154233,5.5893717537527e-05,0.0456117762143924,1.85140612085466,"952"
"CD44","212063_at","BE903880","","Homo sapiens","Oct 6, 2014","Consensus sequence","GenBank","gb:BE903880 /DB_XREF=gi:10395551 /DB_XREF=601494678F1 /CLONE=IMAGE:3896970 /FEA=EST /CNT=245 /TID=Hs.323950.2 /TIER=Stack /STK=104 /UG=Hs.323950 /LL=7552 /UG_GENE=ZNF6 /UG_TITLE=zinc finger protein 6 (CMPX1)","BE903880","CD44 molecule (Indian blood group)","960","NM_000610 /// NM_001001389 /// NM_001001390 /// NM_001001391 /// NM_001001392 /// NM_001202555 /// NM_001202556 /// NM_001202557 /// XM_005253231 /// XM_005253232 /// XM_005253233 /// XM_005253234 /// XM_005253235 /// XM_005253238 /// XM_005253239 /// XM_005253240 /// XM_006718388 /// XM_006718389 /// XM_006718390","0001658 // branching involved in ureteric bud morphogenesis // inferred from electronic annotation /// 0002246 // wound healing involved in inflammatory response // inferred from electronic annotation /// 0005975 // carbohydrate metabolic process // traceable author statement /// 0007155 // cell adhesion // inferred from electronic annotation /// 0007160 // cell-matrix adhesion // non-traceable author statement /// 0007596 // blood coagulation // traceable author statement /// 0010628 // positive regulation of gene expression // inferred from electronic annotation /// 0016055 // Wnt signaling pathway // inferred from electronic annotation /// 0016337 // single organismal cell-cell adhesion // non-traceable author statement /// 0019221 // cytokine-mediated signaling pathway // traceable author statement /// 0022617 // extracellular matrix disassembly // traceable author statement /// 0030198 // extracellular matrix organization // traceable author statement /// 0030203 // glycosaminoglycan metabolic process // traceable author statement /// 0030212 // hyaluronan metabolic process // traceable author statement /// 0030214 // hyaluronan catabolic process // inferred from direct assay /// 0030214 // hyaluronan catabolic process // traceable author statement /// 0033138 // positive regulation of peptidyl-serine phosphorylation // inferred from direct assay /// 0034116 // positive regulation of heterotypic cell-cell adhesion // inferred from mutant phenotype /// 0043066 // negative regulation of apoptotic process // inferred from mutant phenotype /// 0043154 // negative regulation of cysteine-type endopeptidase activity involved in apoptotic process // inferred from mutant phenotype /// 0043518 // negative regulation of DNA damage response, signal transduction by p53 class mediator // inferred from direct assay /// 0044281 // small molecule metabolic process // traceable author statement /// 0044344 // cellular response to fibroblast growth factor stimulus // inferred from direct assay /// 0050731 // positive regulation of peptidyl-tyrosine phosphorylation // inferred from direct assay /// 0050900 // leukocyte migration // traceable author statement /// 0051216 // cartilage development // inferred from expression pattern /// 0060333 // interferon-gamma-mediated signaling pathway // traceable author statement /// 0060442 // branching involved in prostate gland morphogenesis // inferred from electronic annotation /// 0070374 // positive regulation of ERK1 and ERK2 cascade // inferred from direct assay /// 0070487 // monocyte aggregation // inferred from mutant phenotype /// 1900625 // positive regulation of monocyte aggregation // inferred from mutant phenotype /// 1902166 // negative regulation of intrinsic apoptotic signaling pathway in response to DNA damage by p53 class mediator // inferred from direct assay","0005737 // cytoplasm // inferred from direct assay /// 0005794 // Golgi apparatus // inferred from direct assay /// 0005886 // plasma membrane // inferred from direct assay /// 0005886 // plasma membrane // traceable author statement /// 0005887 // integral component of plasma membrane // non-traceable author statement /// 0009897 // external side of plasma membrane // inferred from electronic annotation /// 0009986 // cell surface // inferred from direct assay /// 0016020 // membrane // inferred from electronic annotation /// 0016021 // integral component of membrane // inferred from electronic annotation /// 0016323 // basolateral plasma membrane // inferred from electronic annotation /// 0070062 // extracellular vesicular exosome // inferred from direct assay","0004415 // hyalurononglucosaminidase activity // inferred from direct assay /// 0004888 // transmembrane signaling receptor activity // inferred from direct assay /// 0005515 // protein binding // inferred from physical interaction /// 0005518 // collagen binding // non-traceable author statement /// 0005540 // hyaluronic acid binding // inferred from direct assay /// 0005540 // hyaluronic acid binding // non-traceable author statement",-0.777324945155252,11.1527741894393,-5.28989926622025,9.00756770460022e-06,0.025920461276264,3.55164951771727,"960"
"CD52","204661_at","NM_001803","","Homo sapiens","Oct 6, 2014","Exemplar sequence","GenBank","gb:NM_001803.1 /DB_XREF=gi:4502760 /GEN=CDW52 /FEA=FLmRNA /CNT=83 /TID=Hs.276770.0 /TIER=FL+Stack /STK=33 /UG=Hs.276770 /LL=1043 /DEF=Homo sapiens CDW52 antigen (CAMPATH-1 antigen) (CDW52), mRNA. /PROD=CDW52 antigen (CAMPATH-1 antigen) /FL=gb:BC000644.1 gb:NM_001803.1","NM_001803","CD52 molecule","1043","NM_001803","0007204 // positive regulation of cytosolic calcium ion concentration // inferred from direct assay /// 0045730 // respiratory burst // non-traceable author statement","0005886 // plasma membrane // inferred from electronic annotation /// 0005887 // integral component of plasma membrane // traceable author statement /// 0016020 // membrane // traceable author statement /// 0031225 // anchored component of membrane // inferred from electronic annotation","",-0.986858513686634,11.7288090386587,-5.93813601842238,1.39208604071869e-06,0.0126853840460491,5.3117929810114,"1043"
"CD82","228910_at","AI870617","","Homo sapiens","Oct 6, 2014","Consensus sequence","GenBank","gb:AI870617 /DB_XREF=gi:5544585 /DB_XREF=wl75e12.x1 /CLONE=IMAGE:2430766 /FEA=EST /CNT=13 /TID=Hs.164261.0 /TIER=Stack /STK=11 /UG=Hs.164261 /UG_TITLE=ESTs, Weakly similar to S51797 vasodilator-stimulated phosphoprotein (H.sapiens)","AI870617","CD82 molecule","3732","NM_001024844 /// NM_002231 /// XM_006718222 /// XM_006718223","","0005886 // plasma membrane // traceable author statement /// 0005887 // integral component of plasma membrane // traceable author statement /// 0016020 // membrane // inferred from electronic annotation /// 0016021 // integral component of membrane // inferred from electronic annotation /// 0070062 // extracellular vesicular exosome // inferred from direct assay","0005515 // protein binding // inferred from physical interaction",-0.901767089560526,5.57928715993709,-4.51096946539577,8.46595860190146e-05,0.0490147523319028,1.46963310951538,"3732"
"COA7","219420_s_at","NM_023077","","Homo sapiens","Oct 6, 2014","Exemplar sequence","GenBank","gb:NM_023077.1 /DB_XREF=gi:12751490 /GEN=FLJ12439 /FEA=FLmRNA /CNT=30 /TID=Hs.164371.0 /TIER=FL /STK=4 /UG=Hs.164371 /LL=65260 /DEF=Homo sapiens hypothetical protein FLJ12439 (FLJ12439), mRNA. /PROD=hypothetical protein FLJ12439 /FL=gb:NM_023077.1","NM_023077","cytochrome c oxidase assembly factor 7 (putative)","65260","NM_023077","","0005739 // mitochondrion // inferred from electronic annotation /// 0005758 // mitochondrial intermembrane space // inferred from electronic annotation","",0.915620219360207,6.84543366196691,5.32860081391877,8.05546237070681e-06,0.025920461276264,3.61376382475115,"65260"
"COLGALT1","222644_s_at","AI924150","","Homo sapiens","Oct 6, 2014","Consensus sequence","GenBank","gb:AI924150 /DB_XREF=gi:5660114 /DB_XREF=wn64c01.x1 /CLONE=IMAGE:2450208 /FEA=FLmRNA /CNT=88 /TID=Hs.61478.0 /TIER=Stack /STK=10 /UG=Hs.61478 /LL=79709 /UG_GENE=FLJ22329 /UG_TITLE=hypothetical protein FLJ22329 /FL=gb:NM_024656.1","AI924150","collagen beta(1-O)galactosyltransferase 1","79709","NM_024656 /// XM_005260080","0008152 // metabolic process // inferred from electronic annotation /// 0009103 // lipopolysaccharide biosynthetic process // inferred from electronic annotation /// 0030198 // extracellular matrix organization // traceable author statement","0005783 // endoplasmic reticulum // inferred from electronic annotation /// 0005788 // endoplasmic reticulum lumen // inferred from direct assay /// 0005788 // endoplasmic reticulum lumen // traceable author statement /// 0016020 // membrane // inferred from direct assay","0016740 // transferase activity // inferred from electronic annotation /// 0016757 // transferase activity, transferring glycosyl groups // inferred from electronic annotation /// 0050211 // procollagen galactosyltransferase activity // inferred from electronic annotation",-1.73445205715684,4.17898181156614,-4.76802629795693,4.05374787998058e-05,0.0442635642238121,1.93012699089355,"79709"
"CPQ","203501_at","NM_006102","","Homo sapiens","Oct 6, 2014","Exemplar sequence","GenBank","gb:NM_006102.1 /DB_XREF=gi:5174626 /GEN=PGCP /FEA=FLmRNA /CNT=120 /TID=Hs.197335.0 /TIER=FL /STK=0 /UG=Hs.197335 /LL=10404 /DEF=Homo sapiens plasma glutamate carboxypeptidase (PGCP), mRNA. /PROD=plasma glutamate carboxypeptidase /FL=gb:AF119386.1 gb:NM_006102.1","NM_006102","carboxypeptidase Q","10404","NM_016134 /// XM_005250755 /// XM_006716498 /// XR_428374","0006508 // proteolysis // inferred from direct assay /// 0006590 // thyroid hormone generation // inferred from sequence or structural similarity /// 0008152 // metabolic process // inferred from electronic annotation /// 0042246 // tissue regeneration // inferred from sequence or structural similarity /// 0043171 // peptide catabolic process // inferred from direct assay","0005576 // extracellular region // inferred from electronic annotation /// 0005615 // extracellular space // inferred from direct assay /// 0005737 // cytoplasm // inferred from direct assay /// 0005764 // lysosome // inferred from sequence or structural similarity /// 0005783 // endoplasmic reticulum // inferred from sequence or structural similarity /// 0005794 // Golgi apparatus // inferred from sequence or structural similarity /// 0070062 // extracellular vesicular exosome // inferred from direct assay","0004180 // carboxypeptidase activity // inferred from electronic annotation /// 0008233 // peptidase activity // inferred from electronic annotation /// 0008237 // metallopeptidase activity // inferred from electronic annotation /// 0016787 // hydrolase activity // inferred from electronic annotation /// 0042803 // protein homodimerization activity // inferred from direct assay /// 0046872 // metal ion binding // inferred from electronic annotation /// 0070573 // metallodipeptidase activity // inferred from direct assay",-0.982084517616543,7.48987300292473,-4.66323641582354,5.4761010558814e-05,0.0453645189742902,1.88176271949615,"10404"
"CRELD2","218358_at","NM_024324","","Homo sapiens","Oct 6, 2014","Exemplar sequence","GenBank","gb:NM_024324.1 /DB_XREF=gi:13236568 /GEN=MGC11256 /FEA=FLmRNA /CNT=103 /TID=Hs.28029.0 /TIER=FL+Stack /STK=54 /UG=Hs.28029 /LL=79174 /DEF=Homo sapiens hypothetical protein MGC11256 (MGC11256), mRNA. /PROD=hypothetical protein MGC11256 /FL=gb:NM_024324.1 gb:BC002894.1","NM_024324","cysteine-rich with EGF-like domains 2","79174","NM_001135101 /// NM_001284317 /// NM_001284318 /// NM_024324 /// NR_104295 /// XM_005261737 /// XM_005261738","","0005576 // extracellular region // inferred from electronic annotation /// 0005615 // extracellular space // inferred from electronic annotation /// 0005783 // endoplasmic reticulum // inferred from electronic annotation /// 0005794 // Golgi apparatus // inferred from electronic annotation","0005509 // calcium ion binding // inferred from electronic annotation /// 0005515 // protein binding // inferred from physical interaction",1.29005631390446,11.2809557994423,4.58415331847826,6.86808267281076e-05,0.0482541372979867,1.64953995379527,"79174"
"CXCL1","204470_at","NM_001511","","Homo sapiens","Oct 6, 2014","Exemplar sequence","GenBank","gb:NM_001511.1 /DB_XREF=gi:4504152 /GEN=GRO1 /FEA=FLmRNA /CNT=58 /TID=Hs.789.0 /TIER=FL+Stack /STK=30 /UG=Hs.789 /LL=2919 /DEF=Homo sapiens GRO1 oncogene (melanoma growth stimulating activity, alpha) (GRO1), mRNA. /PROD=GRO1 oncogene (melanoma growth stimulatingactivity, alpha) /FL=gb:NM_001511.1","NM_001511","chemokine (C-X-C motif) ligand 1 (melanoma growth stimulating activity, alpha)","2919","NM_001511 /// NR_046035","0006935 // chemotaxis // traceable author statement /// 0006954 // inflammatory response // inferred from electronic annotation /// 0006955 // immune response // inferred from electronic annotation /// 0007165 // signal transduction // traceable author statement /// 0007186 // G-protein coupled receptor signaling pathway // traceable author statement /// 0007399 // nervous system development // traceable author statement /// 0008283 // cell proliferation // traceable author statement /// 0008285 // negative regulation of cell proliferation // traceable author statement /// 0030036 // actin cytoskeleton organization // traceable author statement /// 0035556 // intracellular signal transduction // traceable author statement /// 0043085 // positive regulation of catalytic activity // traceable author statement /// 0060326 // cell chemotaxis // inferred from electronic annotation /// 0060326 // cell chemotaxis // traceable author statement","0005576 // extracellular region // traceable author statement /// 0005615 // extracellular space // inferred from electronic annotation","0005102 // receptor binding // traceable author statement /// 0005125 // cytokine activity // inferred from electronic annotation /// 0008009 // chemokine activity // inferred from electronic annotation /// 0008047 // enzyme activator activity // traceable author statement /// 0008083 // growth factor activity // inferred from electronic annotation",-1.87134823872638,5.25315518978175,-4.95153367776211,2.39075289181182e-05,0.0395746709024247,2.57300769332364,"2919"
"CYP7A1","207406_at","NM_000780","","Homo sapiens","Oct 6, 2014","Exemplar sequence","GenBank","gb:NM_000780.2 /DB_XREF=gi:13787185 /GEN=CYP7A1 /FEA=FLmRNA /CNT=10 /TID=Hs.1644.0 /TIER=FL /STK=0 /UG=Hs.1644 /LL=1581 /DEF=Homo sapiens cytochrome P450, subfamily VIIA (cholesterol 7 alpha-monooxygenase), polypeptide 1 (CYP7A1), nuclear gene encoding mitochondrial protein, mRNA. /PROD=cytochrome P450, subfamily VIIA, polypeptide 1 /FL=gb:NM_000780.2 gb:M93133.1","NM_000780","cytochrome P450, family 7, subfamily A, polypeptide 1","1581","NM_000780","0006629 // lipid metabolic process // inferred from electronic annotation /// 0006699 // bile acid biosynthetic process // inferred from direct assay /// 0006699 // bile acid biosynthetic process // inferred from electronic annotation /// 0006699 // bile acid biosynthetic process // inferred from sequence or structural similarity /// 0006699 // bile acid biosynthetic process // traceable author statement /// 0006707 // cholesterol catabolic process // inferred from sequence or structural similarity /// 0006805 // xenobiotic metabolic process // traceable author statement /// 0008202 // steroid metabolic process // inferred from electronic annotation /// 0008203 // cholesterol metabolic process // inferred from electronic annotation /// 0008206 // bile acid metabolic process // traceable author statement /// 0016125 // sterol metabolic process // traceable author statement /// 0042632 // cholesterol homeostasis // inferred from sequence or structural similarity /// 0044255 // cellular lipid metabolic process // traceable author statement /// 0044281 // small molecule metabolic process // traceable author statement /// 0055114 // oxidation-reduction process // inferred from electronic annotation /// 0070857 // regulation of bile acid biosynthetic process // inferred from direct assay /// 0070857 // regulation of bile acid biosynthetic process // inferred from sequence or structural similarity /// 0071333 // cellular response to glucose stimulus // inferred from direct assay /// 0071397 // cellular response to cholesterol // inferred from sequence or structural similarity","0005783 // endoplasmic reticulum // inferred from electronic annotation /// 0005789 // endoplasmic reticulum membrane // traceable author statement /// 0016020 // membrane // inferred from electronic annotation /// 0031090 // organelle membrane // inferred from electronic annotation /// 0043231 // intracellular membrane-bounded organelle // inferred from sequence or structural similarity","0004497 // monooxygenase activity // inferred from electronic annotation /// 0005506 // iron ion binding // inferred from electronic annotation /// 0008123 // cholesterol 7-alpha-monooxygenase activity // inferred from sequence or structural similarity /// 0009055 // electron carrier activity // inferred from electronic annotation /// 0016491 // oxidoreductase activity // inferred from electronic annotation /// 0016705 // oxidoreductase activity, acting on paired donors, with incorporation or reduction of molecular oxygen // inferred from electronic annotation /// 0020037 // heme binding // inferred from electronic annotation /// 0046872 // metal ion binding // inferred from electronic annotation",-2.55278972124953,0.373154344444311,-4.93164677190698,2.53171964835788e-05,0.0395746709024247,1.55965837610686,"1581"
"D21S2088E","1559470_at","AY063451","","Homo sapiens","Oct 6, 2014","Consensus sequence","GenBank","gb:AY063451.1 /DB_XREF=gi:21391489 /TID=Hs2.145622.1 /CNT=7 /FEA=mRNA /TIER=ConsEnd /STK=0 /LL=266917 /UG_GENE=D21S2088E /UG=Hs.145622 /UG_TITLE=D21S2088E /DEF=Homo sapiens D21S2088E mRNA sequence.","AY063451","D21S2088E","266917","NR_040254","","","",-2.29134702481361,1.41626731686889,-4.56967852672317,7.15842530326595e-05,0.0482541372979867,0.897392325134593,"266917"
"DDX52","210320_s_at","AF077033","","Homo sapiens","Oct 6, 2014","Exemplar sequence","GenBank","gb:AF077033.1 /DB_XREF=gi:4689113 /FEA=FLmRNA /CNT=9 /TID=Hs.99423.0 /TIER=FL /STK=0 /UG=Hs.99423 /LL=11056 /UG_GENE=ROK1 /DEF=Homo sapiens putative ATP-dependent RNA helicase ROK1 mRNA, complete cds. /PROD=putative ATP-dependent RNA helicase ROK1 /FL=gb:AF077033.1","AF077033","DEAD (Asp-Glu-Ala-Asp) box polypeptide 52","11056","NM_001291476 /// NM_007010 /// NM_152300 /// XM_006721650 /// XM_006725299","0008152 // metabolic process // inferred from electronic annotation","0005634 // nucleus // inferred from direct assay /// 0005730 // nucleolus // inferred from direct assay /// 0016020 // membrane // inferred from direct assay","0000166 // nucleotide binding // inferred from electronic annotation /// 0003676 // nucleic acid binding // inferred from electronic annotation /// 0003723 // RNA binding // inferred from electronic annotation /// 0004386 // helicase activity // inferred from electronic annotation /// 0005524 // ATP binding // inferred from electronic annotation /// 0016787 // hydrolase activity // inferred from electronic annotation /// 0044822 // poly(A) RNA binding // inferred from direct assay",0.678975342132192,7.32961043652894,4.50158572820061,8.69580425458541e-05,0.0490147523319028,1.45954546725771,"11056"
"DERL1","219402_s_at","NM_024295","","Homo sapiens","Oct 6, 2014","Exemplar sequence","GenBank","gb:NM_024295.1 /DB_XREF=gi:13236515 /GEN=MGC3067 /FEA=FLmRNA /CNT=42 /TID=Hs.323114.0 /TIER=FL /STK=0 /UG=Hs.323114 /LL=79139 /DEF=Homo sapiens hypothetical protein MGC3067 (MGC3067), mRNA. /PROD=hypothetical protein MGC3067 /FL=gb:BC002457.1 gb:NM_024295.1","NM_024295","derlin 1","79139","NM_001134671 /// NM_024295 /// XM_006716657","0006810 // transport // inferred from electronic annotation /// 0006986 // response to unfolded protein // inferred from mutant phenotype /// 0015031 // protein transport // inferred from electronic annotation /// 0016032 // viral process // inferred from electronic annotation /// 0019048 // modulation by virus of host morphology or physiology // inferred from electronic annotation /// 0019060 // intracellular transport of viral protein in host cell // traceable author statement /// 0030433 // ER-associated ubiquitin-dependent protein catabolic process // inferred from direct assay /// 0030968 // endoplasmic reticulum unfolded protein response // inferred from direct assay /// 0030970 // retrograde protein transport, ER to cytosol // inferred from direct assay /// 0030970 // retrograde protein transport, ER to cytosol // inferred from mutant phenotype /// 0034620 // cellular response to unfolded protein // inferred from electronic annotation /// 0045184 // establishment of protein localization // traceable author statement","0000836 // Hrd1p ubiquitin ligase complex // inferred from direct assay /// 0005769 // early endosome // inferred from electronic annotation /// 0005770 // late endosome // inferred from electronic annotation /// 0005783 // endoplasmic reticulum // inferred from direct assay /// 0005783 // endoplasmic reticulum // inferred from mutant phenotype /// 0005789 // endoplasmic reticulum membrane // inferred from electronic annotation /// 0016020 // membrane // inferred from direct assay /// 0016020 // membrane // inferred from electronic annotation /// 0016021 // integral component of membrane // inferred from direct assay /// 0030176 // integral component of endoplasmic reticulum membrane // inferred from direct assay","0004872 // receptor activity // non-traceable author statement /// 0005515 // protein binding // inferred from physical interaction /// 0042288 // MHC class I protein binding // inferred from direct assay",1.0393097142318,11.2269899995976,4.68049515013763,5.2117044390986e-05,0.0453645189742902,1.90743996566029,"79139"
"EGR3","206115_at","NM_004430","","Homo sapiens","Oct 6, 2014","Exemplar sequence","GenBank","gb:NM_004430.1 /DB_XREF=gi:4758251 /GEN=EGR3 /FEA=FLmRNA /CNT=33 /TID=Hs.74088.0 /TIER=FL+Stack /STK=20 /UG=Hs.74088 /LL=1960 /DEF=Homo sapiens early growth response 3 (EGR3), mRNA. /PROD=early growth response 3 /FL=gb:NM_004430.1","NM_004430","early growth response 3","1960","NM_001199880 /// NM_001199881 /// NM_004430 /// XM_005273425 /// XM_005273426","0001938 // positive regulation of endothelial cell proliferation // inferred from mutant phenotype /// 0002042 // cell migration involved in sprouting angiogenesis // inferred from direct assay /// 0006351 // transcription, DNA-templated // inferred from electronic annotation /// 0006355 // regulation of transcription, DNA-templated // inferred from electronic annotation /// 0007274 // neuromuscular synaptic transmission // inferred from electronic annotation /// 0007422 // peripheral nervous system development // inferred from electronic annotation /// 0007517 // muscle organ development // traceable author statement /// 0007623 // circadian rhythm // traceable author statement /// 0035767 // endothelial cell chemotaxis // inferred from mutant phenotype /// 0035924 // cellular response to vascular endothelial growth factor stimulus // inferred from mutant phenotype /// 0043066 // negative regulation of apoptotic process // inferred from mutant phenotype /// 0044344 // cellular response to fibroblast growth factor stimulus // inferred from mutant phenotype /// 0071320 // cellular response to cAMP // not recorded /// 0071371 // cellular response to gonadotropin stimulus // not recorded","0005634 // nucleus // not recorded /// 0005737 // cytoplasm // not recorded","0003676 // nucleic acid binding // inferred from electronic annotation /// 0003677 // DNA binding // inferred from electronic annotation /// 0003700 // sequence-specific DNA binding transcription factor activity // traceable author statement /// 0046872 // metal ion binding // inferred from electronic annotation",-2.26603536941447,7.40921482849002,-4.97321394071567,2.24596771424811e-05,0.0392349920845241,2.70398371729776,"1960"
"EIF5B","201026_at","AB018284","","Homo sapiens","Oct 6, 2014","Consensus sequence","GenBank","gb:AB018284.1 /DB_XREF=gi:3882202 /GEN=KIAA0741 /FEA=FLmRNA /CNT=374 /TID=Hs.158688.0 /TIER=ConsEnd /STK=0 /UG=Hs.158688 /LL=9669 /DEF=Homo sapiens mRNA for KIAA0741 protein, complete cds. /PROD=KIAA0741 protein /FL=gb:AF078035.1 gb:AB018284.1 gb:NM_015904.1","AB018284","eukaryotic translation initiation factor 5B","9669","NM_015904 /// XM_005264075","0006184 // GTP catabolic process // inferred from electronic annotation /// 0006412 // translation // traceable author statement /// 0006413 // translational initiation // traceable author statement /// 0006446 // regulation of translational initiation // inferred from direct assay /// 0006446 // regulation of translational initiation // non-traceable author statement /// 0010467 // gene expression // traceable author statement /// 0044267 // cellular protein metabolic process // traceable author statement","0005737 // cytoplasm // inferred from electronic annotation /// 0005829 // cytosol // traceable author statement","0000166 // nucleotide binding // inferred from electronic annotation /// 0003743 // translation initiation factor activity // inferred from direct assay /// 0003743 // translation initiation factor activity // non-traceable author statement /// 0003924 // GTPase activity // inferred from electronic annotation /// 0005515 // protein binding // inferred from physical interaction /// 0005525 // GTP binding // inferred from electronic annotation /// 0044822 // poly(A) RNA binding // inferred from direct assay",1.06915406186773,7.77589853902713,4.4801553342922,9.24412272694822e-05,0.049551216676068,1.40234827782714,"9669"
"ELK1","210850_s_at","AF000672","","Homo sapiens","Oct 6, 2014","Exemplar sequence","GenBank","gb:AF000672.1 /DB_XREF=gi:4100455 /FEA=FLmRNA /CNT=2 /TID=Hs.181128.1 /TIER=FL /STK=0 /UG=Hs.181128 /LL=2002 /UG_GENE=ELK1 /DEF=Homo sapiens ELK variant mRNA, complete cds. /PROD=ELK variant /FL=gb:AF000672.1","AF000672","ELK1, member of ETS oncogene family","2002","NM_001114123 /// NM_001257168 /// NM_005229","0002224 // toll-like receptor signaling pathway // traceable author statement /// 0002755 // MyD88-dependent toll-like receptor signaling pathway // traceable author statement /// 0002756 // MyD88-independent toll-like receptor signaling pathway // traceable author statement /// 0006351 // transcription, DNA-templated // inferred from electronic annotation /// 0006355 // regulation of transcription, DNA-templated // inferred from electronic annotation /// 0006366 // transcription from RNA polymerase II promoter // not recorded /// 0030154 // cell differentiation // not recorded /// 0034134 // toll-like receptor 2 signaling pathway // traceable author statement /// 0034138 // toll-like receptor 3 signaling pathway // traceable author statement /// 0034142 // toll-like receptor 4 signaling pathway // traceable author statement /// 0034146 // toll-like receptor 5 signaling pathway // traceable author statement /// 0034162 // toll-like receptor 9 signaling pathway // traceable author statement /// 0034166 // toll-like receptor 10 signaling pathway // traceable author statement /// 0035666 // TRIF-dependent toll-like receptor signaling pathway // traceable author statement /// 0038123 // toll-like receptor TLR1:TLR2 signaling pathway // traceable author statement /// 0038124 // toll-like receptor TLR6:TLR2 signaling pathway // traceable author statement /// 0045087 // innate immune response // traceable author statement /// 0045893 // positive regulation of transcription, DNA-templated // inferred from direct assay /// 0045944 // positive regulation of transcription from RNA polymerase II promoter // inferred from direct assay /// 0045944 // positive regulation of transcription from RNA polymerase II promoter // inferred from mutant phenotype /// 0048011 // neurotrophin TRK receptor signaling pathway // traceable author statement /// 0051403 // stress-activated MAPK cascade // traceable author statement","0005634 // nucleus // inferred by curator /// 0005634 // nucleus // inferred from direct assay /// 0005730 // nucleolus // inferred from direct assay","0000978 // RNA polymerase II core promoter proximal region sequence-specific DNA binding // inferred from direct assay /// 0000981 // sequence-specific DNA binding RNA polymerase II transcription factor activity // not recorded /// 0001077 // RNA polymerase II core promoter proximal region sequence-specific DNA binding transcription factor activity involved in positive regulation of transcription // inferred from direct assay /// 0003677 // DNA binding // inferred from electronic annotation /// 0003700 // sequence-specific DNA binding transcription factor activity // inferred from direct assay /// 0005515 // protein binding // inferred from physical interaction /// 0043565 // sequence-specific DNA binding // inferred from electronic annotation",-1.95654393539533,2.21387727338433,-4.84666968990501,3.23339256187126e-05,0.0411129624000724,1.58318063949737,"2002"
"ETNK1","222262_s_at","AL137750","","Homo sapiens","Oct 6, 2014","Consensus sequence","GenBank","gb:AL137750.1 /DB_XREF=gi:6808386 /FEA=mRNA /CNT=1 /TID=Hs.120439.1 /TIER=ConsEnd /STK=0 /UG=Hs.120439 /LL=55500 /UG_GENE=EKI1 /UG_TITLE=ethanolamine kinase /DEF=Homo sapiens mRNA; cDNA DKFZp434E1212 (from clone DKFZp434E1212).","AL137750","ethanolamine kinase 1","55500","NM_001039481 /// NM_018638 /// XM_005253420","0006629 // lipid metabolic process // inferred from electronic annotation /// 0006644 // phospholipid metabolic process // traceable author statement /// 0006646 // phosphatidylethanolamine biosynthetic process // inferred from direct assay /// 0006646 // phosphatidylethanolamine biosynthetic process // inferred from electronic annotation /// 0006646 // phosphatidylethanolamine biosynthetic process // traceable author statement /// 0008152 // metabolic process // inferred from electronic annotation /// 0008654 // phospholipid biosynthetic process // inferred from electronic annotation /// 0016310 // phosphorylation // inferred from electronic annotation /// 0044281 // small molecule metabolic process // traceable author statement /// 0046474 // glycerophospholipid biosynthetic process // traceable author statement","0005737 // cytoplasm // inferred from electronic annotation /// 0005737 // cytoplasm // non-traceable author statement /// 0005829 // cytosol // traceable author statement /// 0016020 // membrane // inferred from direct assay","0000166 // nucleotide binding // inferred from electronic annotation /// 0004305 // ethanolamine kinase activity // inferred from direct assay /// 0005524 // ATP binding // inferred from electronic annotation /// 0016301 // kinase activity // inferred from electronic annotation /// 0016740 // transferase activity // inferred from electronic annotation /// 0016772 // transferase activity, transferring phosphorus-containing groups // inferred from electronic annotation",1.28910445420906,6.50990889271532,4.4805374512107,9.23405274006555e-05,0.049551216676068,1.3936671689096,"55500"
"FAM210B","224690_at","BG432350","","Homo sapiens","Oct 6, 2014","Consensus sequence","GenBank","gb:BG432350 /DB_XREF=gi:13338856 /DB_XREF=602496672F1 /CLONE=IMAGE:4610561 /FEA=mRNA /CNT=190 /TID=Hs.326292.0 /TIER=Stack /STK=30 /UG=Hs.326292 /UG_TITLE=Homo sapiens mRNA; cDNA DKFZp434A1114 (from clone DKFZp434A1114)","BG432350","family with sequence similarity 210, member B","116151","NM_080821","","0016020 // membrane // inferred from electronic annotation /// 0016021 // integral component of membrane // inferred from electronic annotation","",-0.789585390927398,8.60244615210178,-4.52236344626364,8.19494139624738e-05,0.0490147523319028,1.50351833656791,"116151"
"FAM223B","244164_at","BE551248","","Homo sapiens","Oct 6, 2014","Consensus sequence","GenBank","gb:BE551248 /DB_XREF=gi:9792940 /DB_XREF=7b56f06.x1 /CLONE=IMAGE:3232259 /FEA=EST /CNT=3 /TID=Hs.270271.0 /TIER=ConsEnd /STK=3 /UG=Hs.270271 /UG_TITLE=ESTs, Weakly similar to ALU1_HUMAN ALU SUBFAMILY J SEQUENCE CONTAMINATION WARNING ENTRY (H.sapiens)","BE551248","family with sequence similarity 223, member B (non-protein coding)","286967","NM_173168 /// NR_027402","","","",-1.17565257726839,4.6382938857368,-4.73681910900029,4.43388653890027e-05,0.0442635642238121,1.93217353144241,"286967"
"FEZ1","203562_at","NM_005103","","Homo sapiens","Oct 6, 2014","Exemplar sequence","GenBank","gb:NM_005103.2 /DB_XREF=gi:12025681 /GEN=FEZ1 /FEA=FLmRNA /CNT=101 /TID=Hs.79226.1 /TIER=FL+Stack /STK=49 /UG=Hs.79226 /LL=9638 /DEF=Homo sapiens fasciculation and elongation protein zeta 1 (zygin I) (FEZ1), transcript variant 1, mRNA. /PROD=zygin 1, isoform 1 /FL=gb:U60060.1 gb:U69139.1 gb:NM_005103.2","NM_005103","fasciculation and elongation protein zeta 1 (zygin I)","9638","NM_005103 /// NM_022549 /// XM_005271734 /// XM_005271735","0006810 // transport // inferred from electronic annotation /// 0007155 // cell adhesion // traceable author statement /// 0007399 // nervous system development // traceable author statement /// 0007411 // axon guidance // traceable author statement /// 0010976 // positive regulation of neuron projection development // inferred from electronic annotation /// 0045666 // positive regulation of neuron differentiation // inferred from electronic annotation /// 0051654 // establishment of mitochondrion localization // inferred from electronic annotation /// 0071363 // cellular response to growth factor stimulus // inferred from electronic annotation","0005737 // cytoplasm // inferred from direct assay /// 0005813 // centrosome // inferred from electronic annotation /// 0005815 // microtubule organizing center // inferred from electronic annotation /// 0005856 // cytoskeleton // inferred from electronic annotation /// 0005874 // microtubule // inferred from electronic annotation /// 0005886 // plasma membrane // inferred from electronic annotation /// 0015630 // microtubule cytoskeleton // inferred from direct assay /// 0016020 // membrane // inferred from electronic annotation /// 0030424 // axon // inferred from electronic annotation /// 0030425 // dendrite // inferred from electronic annotation /// 0042995 // cell projection // inferred from electronic annotation","0005080 // protein kinase C binding // inferred from electronic annotation /// 0005515 // protein binding // inferred from physical interaction /// 0043015 // gamma-tubulin binding // inferred from electronic annotation /// 0047485 // protein N-terminus binding // inferred from electronic annotation",-1.17252312007306,6.28735158459362,-4.98181728992224,2.19096423282418e-05,0.0392349920845241,2.71323588030411,"9638"
"GLTP","226177_at","AI052020","","Homo sapiens","Oct 6, 2014","Consensus sequence","GenBank","gb:AI052020 /DB_XREF=gi:3308011 /DB_XREF=oy29e06.x1 /CLONE=IMAGE:1667266 /FEA=EST /CNT=56 /TID=Hs.3593.0 /TIER=Stack /STK=34 /UG=Hs.3593 /UG_TITLE=ESTs","AI052020","glycolipid transfer protein","51228","NM_016433","0006810 // transport // inferred from electronic annotation /// 0006869 // lipid transport // inferred from electronic annotation /// 0046836 // glycolipid transport // inferred from direct assay","0005737 // cytoplasm // inferred from electronic annotation /// 0016020 // membrane // inferred by curator /// 0070062 // extracellular vesicular exosome // inferred from direct assay","0008289 // lipid binding // inferred from direct assay /// 0017089 // glycolipid transporter activity // inferred from direct assay /// 0051861 // glycolipid binding // inferred from direct assay",-0.702750722573228,10.616781247229,-4.48970443768404,8.99569909585682e-05,0.049551216676068,1.39549799211145,"51228"
"GPSM1","226043_at","AI242661","","Homo sapiens","Oct 6, 2014","Consensus sequence","GenBank","gb:AI242661 /DB_XREF=gi:3838058 /DB_XREF=qi18a10.x1 /CLONE=IMAGE:1856826 /FEA=mRNA /CNT=75 /TID=Hs.239370.0 /TIER=Stack /STK=35 /UG=Hs.239370 /LL=26086 /UG_GENE=DKFZP727I051 /UG_TITLE=DKFZP727I051 protein","AI242661","G-protein signaling modulator 1","26086","NM_001145638 /// NM_001145639 /// NM_001200003 /// NM_015597","0007275 // multicellular organismal development // inferred from electronic annotation /// 0007399 // nervous system development // inferred from electronic annotation /// 0008277 // regulation of G-protein coupled receptor protein signaling pathway // inferred from electronic annotation /// 0030154 // cell differentiation // inferred from electronic annotation /// 0050790 // regulation of catalytic activity // inferred from electronic annotation","0000139 // Golgi membrane // inferred from electronic annotation /// 0005634 // nucleus // inferred from direct assay /// 0005737 // cytoplasm // inferred from electronic annotation /// 0005783 // endoplasmic reticulum // inferred from electronic annotation /// 0005789 // endoplasmic reticulum membrane // inferred from electronic annotation /// 0005794 // Golgi apparatus // inferred from electronic annotation /// 0005794 // Golgi apparatus // inferred from direct assay /// 0005829 // cytosol // inferred from electronic annotation /// 0005886 // plasma membrane // inferred from electronic annotation /// 0016020 // membrane // inferred from electronic annotation","0005092 // GDP-dissociation inhibitor activity // inferred from electronic annotation /// 0005515 // protein binding // inferred from electronic annotation /// 0030695 // GTPase regulator activity // inferred from electronic annotation",-0.967981752709088,7.29301986539265,-4.69687256697298,4.97253446222667e-05,0.0453645189742902,1.97113273860444,"26086"
"HLA-DPA1","213537_at","AI128225","","Homo sapiens","Oct 6, 2014","Consensus sequence","GenBank","gb:AI128225 /DB_XREF=gi:3596739 /DB_XREF=qc33e05.x1 /CLONE=IMAGE:1711424 /FEA=EST /CNT=30 /TID=Hs.914.1 /TIER=Stack /STK=16 /UG=Hs.914 /UG_TITLE=Human mRNA for SB classII histocompatibility antigen alpha-chain","AI128225","major histocompatibility complex, class II, DP alpha 1","3113","NM_001242524 /// NM_001242525 /// NM_033554","0002376 // immune system process // inferred from electronic annotation /// 0002504 // antigen processing and presentation of peptide or polysaccharide antigen via MHC class II // inferred from electronic annotation /// 0006955 // immune response // non-traceable author statement /// 0019221 // cytokine-mediated signaling pathway // traceable author statement /// 0019882 // antigen processing and presentation // inferred from electronic annotation /// 0019886 // antigen processing and presentation of exogenous peptide antigen via MHC class II // inferred from mutant phenotype /// 0019886 // antigen processing and presentation of exogenous peptide antigen via MHC class II // traceable author statement /// 0031295 // T cell costimulation // traceable author statement /// 0032729 // positive regulation of interferon-gamma production // inferred from mutant phenotype /// 0042102 // positive regulation of T cell proliferation // inferred from mutant phenotype /// 0050852 // T cell receptor signaling pathway // traceable author statement /// 0050870 // positive regulation of T cell activation // inferred from mutant phenotype /// 0060333 // interferon-gamma-mediated signaling pathway // traceable author statement /// 0071346 // cellular response to interferon-gamma // inferred from direct assay","0000139 // Golgi membrane // traceable author statement /// 0005764 // lysosome // inferred from electronic annotation /// 0005765 // lysosomal membrane // traceable author statement /// 0005768 // endosome // inferred from electronic annotation /// 0005783 // endoplasmic reticulum // inferred from electronic annotation /// 0005789 // endoplasmic reticulum membrane // inferred from electronic annotation /// 0005794 // Golgi apparatus // inferred from electronic annotation /// 0005886 // plasma membrane // traceable author statement /// 0005887 // integral component of plasma membrane // non-traceable author statement /// 0009986 // cell surface // inferred from mutant phenotype /// 0010008 // endosome membrane // inferred from electronic annotation /// 0012507 // ER to Golgi transport vesicle membrane // traceable author statement /// 0016020 // membrane // inferred from electronic annotation /// 0016021 // integral component of membrane // inferred from electronic annotation /// 0030658 // transport vesicle membrane // traceable author statement /// 0030666 // endocytic vesicle membrane // traceable author statement /// 0030669 // clathrin-coated endocytic vesicle membrane // traceable author statement /// 0032588 // trans-Golgi network membrane // traceable author statement /// 0042613 // MHC class II protein complex // inferred from direct assay /// 0071556 // integral component of lumenal side of endoplasmic reticulum membrane // traceable author statement","0005515 // protein binding // inferred from electronic annotation /// 0032395 // MHC class II receptor activity // non-traceable author statement /// 0042605 // peptide antigen binding // inferred from direct assay",-1.4945273232988,10.0066793557431,-4.80509607187343,3.64406521748142e-05,0.0442635642238121,2.24512410246704,"3113"
"IFI44","214059_at","BE049439","","Homo sapiens","Oct 6, 2014","Consensus sequence","GenBank","gb:BE049439 /DB_XREF=gi:8366494 /DB_XREF=xw86e11.x1 /CLONE=IMAGE:2834924 /FEA=EST /CNT=14 /TID=Hs.82316.0 /TIER=Stack /STK=9 /UG=Hs.82316 /LL=10561 /UG_GENE=MTAP44 /UG_TITLE=interferon-induced, hepatitis C-associated microtubular aggregate protein (44kD)","BE049439","interferon-induced protein 44","10561","NM_006417 /// XM_005270380 /// XR_246226 /// XR_426586","0009615 // response to virus // traceable author statement","0005737 // cytoplasm // inferred from electronic annotation","",2.10070216978246,8.60676231269779,5.0018369708629,2.06811322700205e-05,0.0392349920845241,2.77893917581842,"10561"
"IRF4","204562_at","NM_002460","","Homo sapiens","Oct 6, 2014","Exemplar sequence","GenBank","gb:NM_002460.1 /DB_XREF=gi:4505286 /GEN=IRF4 /FEA=FLmRNA /CNT=143 /TID=Hs.82132.0 /TIER=FL /STK=0 /UG=Hs.82132 /LL=3662 /DEF=Homo sapiens interferon regulatory factor 4 (IRF4), mRNA. /PROD=interferon regulatory factor 4 /FL=gb:U52682.1 gb:NM_002460.1","NM_002460","interferon regulatory factor 4","3662","NM_001195286 /// NM_002460 /// NR_036585 /// NR_046000 /// XM_006715090","0006351 // transcription, DNA-templated // inferred from electronic annotation /// 0006355 // regulation of transcription, DNA-templated // inferred from electronic annotation /// 0006479 // protein methylation // inferred from electronic annotation /// 0018022 // peptidyl-lysine methylation // inferred from electronic annotation /// 0019221 // cytokine-mediated signaling pathway // traceable author statement /// 0034122 // negative regulation of toll-like receptor signaling pathway // inferred from electronic annotation /// 0042110 // T cell activation // non-traceable author statement /// 0042832 // defense response to protozoan // inferred from sequence or structural similarity /// 0043011 // myeloid dendritic cell differentiation // inferred from electronic annotation /// 0043388 // positive regulation of DNA binding // inferred from electronic annotation /// 0043966 // histone H3 acetylation // inferred from electronic annotation /// 0043967 // histone H4 acetylation // inferred from electronic annotation /// 0045082 // positive regulation of interleukin-10 biosynthetic process // inferred from direct assay /// 0045086 // positive regulation of interleukin-2 biosynthetic process // inferred from direct assay /// 0045368 // positive regulation of interleukin-13 biosynthetic process // inferred from direct assay /// 0045404 // positive regulation of interleukin-4 biosynthetic process // inferred from direct assay /// 0045622 // regulation of T-helper cell differentiation // non-traceable author statement /// 0045893 // positive regulation of transcription, DNA-templated // inferred from direct assay /// 0045944 // positive regulation of transcription from RNA polymerase II promoter // inferred from electronic annotation /// 0060333 // interferon-gamma-mediated signaling pathway // traceable author statement /// 0060337 // type I interferon signaling pathway // traceable author statement /// 0072540 // T-helper 17 cell lineage commitment // inferred from sequence or structural similarity","0000788 // nuclear nucleosome // inferred from electronic annotation /// 0005634 // nucleus // inferred by curator /// 0005737 // cytoplasm // inferred from direct assay /// 0005829 // cytosol // traceable author statement /// 0016020 // membrane // inferred from direct assay","0000975 // regulatory region DNA binding // inferred from electronic annotation /// 0003677 // DNA binding // inferred from electronic annotation /// 0003700 // sequence-specific DNA binding transcription factor activity // inferred from sequence or structural similarity /// 0003700 // sequence-specific DNA binding transcription factor activity // non-traceable author statement /// 0005515 // protein binding // inferred from physical interaction /// 0008134 // transcription factor binding // non-traceable author statement /// 0016279 // protein-lysine N-methyltransferase activity // inferred from electronic annotation /// 0043565 // sequence-specific DNA binding // inferred from sequence or structural similarity",1.54305185790257,8.69513652234491,4.7533895562312,4.22783045639361e-05,0.0442635642238121,2.11990972394752,"3662"
"KLHDC10","209254_at","AI808625","","Homo sapiens","Oct 6, 2014","Consensus sequence","GenBank","gb:AI808625 /DB_XREF=gi:5395191 /DB_XREF=wf56f12.x1 /CLONE=IMAGE:2359631 /FEA=FLmRNA /CNT=171 /TID=Hs.192966.0 /TIER=Stack /STK=8 /UG=Hs.192966 /LL=23008 /UG_GENE=KIAA0265 /UG_TITLE=KIAA0265 protein /FL=gb:AF277177.1","AI808625","kelch domain containing 10","23008","NM_014997 /// XM_005250233","","0005634 // nucleus // inferred from electronic annotation /// 0005737 // cytoplasm // inferred from electronic annotation","0005515 // protein binding // inferred from electronic annotation",1.13821907571021,6.22998823686793,5.09431277819155,1.58399461261568e-05,0.0328965266854366,2.94557117049659,"23008"
"KPNB1","208974_x_at","BC003572","","Homo sapiens","Oct 6, 2014","Exemplar sequence","GenBank","gb:BC003572.1 /DB_XREF=gi:13097743 /FEA=FLmRNA /CNT=196 /TID=Hs.180446.0 /TIER=FL+Stack /STK=30 /UG=Hs.180446 /LL=3837 /UG_GENE=KPNB1 /DEF=Homo sapiens, karyopherin (importin) beta 1, clone MGC:2156, mRNA, complete cds. /PROD=karyopherin (importin) beta 1 /FL=gb:NM_002265.1 gb:L38951.1 gb:BC003572.1","BC003572","karyopherin (importin) beta 1","3837","NM_001276453 /// NM_002265","0000060 // protein import into nucleus, translocation // traceable author statement /// 0006309 // apoptotic DNA fragmentation // traceable author statement /// 0006606 // protein import into nucleus // inferred from direct assay /// 0006607 // NLS-bearing protein import into nucleus // traceable author statement /// 0006610 // ribosomal protein import into nucleus // inferred from direct assay /// 0006810 // transport // inferred from electronic annotation /// 0006886 // intracellular protein transport // inferred from electronic annotation /// 0006913 // nucleocytoplasmic transport // inferred from electronic annotation /// 0006915 // apoptotic process // traceable author statement /// 0006921 // cellular component disassembly involved in execution phase of apoptosis // traceable author statement /// 0015031 // protein transport // inferred from electronic annotation /// 0016032 // viral process // traceable author statement /// 0019048 // modulation by virus of host morphology or physiology // inferred from electronic annotation /// 0019058 // viral life cycle // traceable author statement /// 0019221 // cytokine-mediated signaling pathway // traceable author statement /// 0044281 // small molecule metabolic process // traceable author statement /// 0075733 // intracellular transport of virus // traceable author statement","0005634 // nucleus // inferred from direct assay /// 0005635 // nuclear envelope // inferred from direct assay /// 0005643 // nuclear pore // traceable author statement /// 0005654 // nucleoplasm // traceable author statement /// 0005730 // nucleolus // inferred from direct assay /// 0005737 // cytoplasm // inferred from direct assay /// 0005829 // cytosol // traceable author statement /// 0016020 // membrane // inferred from direct assay /// 0031965 // nuclear membrane // inferred from direct assay /// 0043234 // protein complex // inferred from electronic annotation /// 0070062 // extracellular vesicular exosome // inferred from direct assay /// 0071782 // endoplasmic reticulum tubular network // inferred from direct assay","0005488 // binding // inferred from electronic annotation /// 0005515 // protein binding // inferred from physical interaction /// 0008139 // nuclear localization sequence binding // traceable author statement /// 0008270 // zinc ion binding // traceable author statement /// 0008536 // Ran GTPase binding // inferred from electronic annotation /// 0008565 // protein transporter activity // inferred from electronic annotation /// 0019899 // enzyme binding // inferred from physical interaction /// 0019904 // protein domain specific binding // inferred from physical interaction /// 0044822 // poly(A) RNA binding // inferred from direct assay",0.751436910131625,10.6277774008524,4.89878699242289,2.78300216163159e-05,0.0411129624000724,2.49912008438715,"3837"
"LARGE-AS1","1562449_s_at","BC043255","","Homo sapiens","Oct 6, 2014","Consensus sequence","GenBank","gb:BC043255.1 /DB_XREF=gi:27693338 /TID=Hs2.438471.1 /CNT=2 /FEA=mRNA /TIER=ConsEnd /STK=0 /UG=Hs.438471 /UG_TITLE=Homo sapiens, clone IMAGE:5296464, mRNA /DEF=Homo sapiens, clone IMAGE:5296464, mRNA.","BC043255","LARGE antisense RNA 1","100506195","NR_038949 /// NR_038950","","","",-1.66674567865743,2.58853608491639,-4.70435378272043,4.86693684146724e-05,0.0453645189742902,1.33380451296903,"100506195"
"LOC100996740","229872_s_at","AA532655","","Homo sapiens","Oct 6, 2014","Consensus sequence","GenBank","gb:AA532655 /DB_XREF=gi:2276909 /DB_XREF=nj17d09.s1 /CLONE=IMAGE:986609 /FEA=EST /CNT=21 /TID=Hs.295901.2 /TIER=Stack /STK=10 /UG=Hs.295901 /LL=57234 /UG_GENE=KIAA0493 /UG_TITLE=KIAA0493 protein","AA532655","uncharacterized LOC100996740","100996740","XM_003846501 /// XM_005276150","","","",-1.17678285468449,11.3765801778995,-5.6051238837959,3.6277788749073e-06,0.0198348809985557,4.40767055717291,"100996740"
"LOC101927609","239775_at","AI761504","","Homo sapiens","Oct 6, 2014","Consensus sequence","GenBank","gb:AI761504 /DB_XREF=gi:5177171 /DB_XREF=wi61b09.x1 /CLONE=IMAGE:2394713 /FEA=EST /CNT=6 /TID=Hs.214174.0 /TIER=ConsEnd /STK=4 /UG=Hs.214174 /UG_TITLE=ESTs","AI761504","uncharacterized LOC101927609","101927609","XR_242133 /// XR_250144 /// XR_252170 /// XR_426134 /// XR_428101 /// XR_432121","","","",-1.07014240726906,6.22892506352829,-5.16026621701204,1.30950356723237e-05,0.0325441397901954,3.17825473326798,"101927609"
"LTBP3","219922_s_at","NM_021070","","Homo sapiens","Oct 6, 2014","Exemplar sequence","GenBank","gb:NM_021070.1 /DB_XREF=gi:10835104 /GEN=LTBP3 /FEA=FLmRNA /CNT=18 /TID=Hs.289019.0 /TIER=FL /STK=0 /UG=Hs.289019 /LL=4054 /DEF=Homo sapiens latent transforming growth factor beta binding protein 3 (LTBP3), mRNA. /PROD=latent transforming growth factor beta bindingprotein 3 /FL=gb:AF135960.2 gb:NM_021070.1","NM_021070","latent transforming growth factor beta binding protein 3","4054","NM_001130144 /// NM_001164266 /// NM_021070","0001501 // skeletal system development // inferred from electronic annotation /// 0007179 // transforming growth factor beta receptor signaling pathway // inferred from electronic annotation /// 0030198 // extracellular matrix organization // traceable author statement /// 0030502 // negative regulation of bone mineralization // inferred from electronic annotation /// 0032331 // negative regulation of chondrocyte differentiation // inferred from electronic annotation /// 0036363 // transforming growth factor beta activation // inferred from mutant phenotype /// 0045780 // positive regulation of bone resorption // inferred from electronic annotation /// 0046849 // bone remodeling // inferred from electronic annotation /// 0060349 // bone morphogenesis // inferred from electronic annotation /// 0060430 // lung saccule development // inferred from electronic annotation /// 1902462 // positive regulation of mesenchymal stem cell proliferation // inferred from mutant phenotype /// 2000741 // positive regulation of mesenchymal stem cell differentiation // inferred from mutant phenotype","0005576 // extracellular region // traceable author statement /// 0031012 // extracellular matrix // inferred from direct assay /// 0070062 // extracellular vesicular exosome // inferred from direct assay","0005509 // calcium ion binding // inferred from electronic annotation /// 0005515 // protein binding // inferred from electronic annotation /// 0019838 // growth factor binding // inferred from electronic annotation /// 0050431 // transforming growth factor beta binding // inferred from physical interaction",-1.0729044014738,6.82352656344279,-5.12114662300663,1.46599136801139e-05,0.0328965266854366,3.09072036000608,"4054"
"MANEA","222805_at","AI587307","","Homo sapiens","Oct 6, 2014","Consensus sequence","GenBank","gb:AI587307 /DB_XREF=gi:4573748 /DB_XREF=tq04f05.x1 /CLONE=IMAGE:2207841 /FEA=FLmRNA /CNT=49 /TID=Hs.46903.0 /TIER=Stack /STK=11 /UG=Hs.46903 /LL=79694 /UG_GENE=FLJ12838 /UG_TITLE=hypothetical protein FLJ12838 /FL=gb:NM_024641.1","AI587307","mannosidase, endo-alpha","79694","NM_024641 /// XM_005267147","0018279 // protein N-linked glycosylation via asparagine // traceable author statement /// 0043687 // post-translational protein modification // traceable author statement /// 0044267 // cellular protein metabolic process // traceable author statement","0000139 // Golgi membrane // traceable author statement /// 0005794 // Golgi apparatus // inferred from direct assay /// 0016020 // membrane // inferred from electronic annotation /// 0016021 // integral component of membrane // inferred from electronic annotation","0004559 // alpha-mannosidase activity // inferred from electronic annotation /// 0004569 // glycoprotein endo-alpha-1,2-mannosidase activity // inferred from electronic annotation /// 0016787 // hydrolase activity // inferred from electronic annotation",1.48762700860743,7.85872753812887,4.56162130450759,7.32527370047169e-05,0.0482541372979867,1.61626952286248,"79694"
"METTL9","217868_s_at","NM_016025","","Homo sapiens","Oct 6, 2014","Exemplar sequence","GenBank","gb:NM_016025.1 /DB_XREF=gi:7705788 /GEN=DREV1 /FEA=FLmRNA /CNT=226 /TID=Hs.279583.0 /TIER=FL+Stack /STK=11 /UG=Hs.279583 /LL=51108 /DEF=Homo sapiens CGI-81 protein (DREV1), mRNA. /PROD=CGI-81 protein /FL=gb:NM_016025.1 gb:AF151839.1 gb:BC000195.1","NM_016025","methyltransferase like 9","51108","NM_001077180 /// NM_001288659 /// NM_001288660 /// NM_016025 /// XM_006721049","0008152 // metabolic process // inferred from electronic annotation","","0005515 // protein binding // inferred from physical interaction /// 0008168 // methyltransferase activity // inferred from electronic annotation",-0.731365092114903,10.9263686032428,-4.77765379530942,3.94314439311595e-05,0.0442635642238121,2.1648794657393,"51108"
"MIB2","228261_at","BE045549","","Homo sapiens","Oct 6, 2014","Consensus sequence","GenBank","gb:BE045549 /DB_XREF=gi:8362602 /DB_XREF=hh23d12.x1 /CLONE=IMAGE:2955959 /FEA=EST /CNT=20 /TID=Hs.135805.0 /TIER=Stack /STK=11 /UG=Hs.135805 /UG_TITLE=ESTs, Weakly similar to KIAA1323 protein (H.sapiens)","BE045549","mindbomb E3 ubiquitin protein ligase 2","142678","NM_001170686 /// NM_001170687 /// NM_001170688 /// NM_001170689 /// NM_080875 /// NR_033183 /// XM_006710366 /// XM_006710367 /// XM_006710368 /// XM_006710369 /// XM_006710370 /// XM_006710371 /// XM_006710372 /// XM_006710373 /// XM_006710374 /// XM_006710375","0007219 // Notch signaling pathway // inferred from electronic annotation /// 0016567 // protein ubiquitination // inferred from electronic annotation /// 0043123 // positive regulation of I-kappaB kinase/NF-kappaB signaling // inferred from mutant phenotype","0000151 // ubiquitin ligase complex // inferred from electronic annotation /// 0005737 // cytoplasm // inferred from electronic annotation /// 0005768 // endosome // inferred from electronic annotation /// 0005769 // early endosome // inferred from electronic annotation","0003779 // actin binding // inferred from electronic annotation /// 0004842 // ubiquitin-protein transferase activity // inferred from electronic annotation /// 0004871 // signal transducer activity // inferred from mutant phenotype /// 0005515 // protein binding // inferred from physical interaction /// 0008270 // zinc ion binding // inferred from electronic annotation /// 0016874 // ligase activity // inferred from electronic annotation /// 0046872 // metal ion binding // inferred from electronic annotation",-1.00217422751899,6.24811540615895,-6.10127918283069,8.72379064710224e-07,0.0126853840460491,5.62829124246948,"142678"
"MLEC","200616_s_at","BC000371","","Homo sapiens","Oct 6, 2014","Exemplar sequence","GenBank","gb:BC000371.1 /DB_XREF=gi:12653206 /FEA=FLmRNA /CNT=482 /TID=Hs.181418.0 /TIER=FL+Stack /STK=34 /UG=Hs.181418 /LL=9761 /UG_GENE=KIAA0152 /DEF=Homo sapiens, KIAA0152 gene product, clone MGC:8341, mRNA, complete cds. /PROD=KIAA0152 gene product /FL=gb:NM_014730.1 gb:BC000371.1 gb:D63486.1","BC000371","malectin","9761","NM_014730","0005975 // carbohydrate metabolic process // inferred from electronic annotation /// 0006457 // protein folding // traceable author statement /// 0018279 // protein N-linked glycosylation via asparagine // traceable author statement /// 0043687 // post-translational protein modification // traceable author statement /// 0044267 // cellular protein metabolic process // traceable author statement","0005783 // endoplasmic reticulum // inferred from sequence or structural similarity /// 0005789 // endoplasmic reticulum membrane // traceable author statement /// 0016020 // membrane // inferred from direct assay /// 0016020 // membrane // inferred from electronic annotation /// 0016021 // integral component of membrane // inferred from electronic annotation","0019899 // enzyme binding // inferred from physical interaction /// 0030246 // carbohydrate binding // inferred from sequence or structural similarity",1.51127109696299,8.90388529223219,6.06466987288992,9.68706766711356e-07,0.0126853840460491,5.60863162534863,"9761"
"MMP28","219909_at","NM_024302","","Homo sapiens","Oct 6, 2014","Exemplar sequence","GenBank","gb:NM_024302.1 /DB_XREF=gi:13236529 /GEN=MMP28 /FEA=FLmRNA /CNT=20 /TID=Hs.231958.0 /TIER=FL+Stack /STK=10 /UG=Hs.231958 /LL=79148 /DEF=Homo sapiens matrix metalloproteinase 28 (MMP28), mRNA. /PROD=matrix metalloproteinase 28 /FL=gb:AF330002.1 gb:AF219624.1 gb:NM_024302.1 gb:AF315683.1","NM_024302","matrix metallopeptidase 28","79148","NM_001032278 /// NM_024302 /// NM_032950 /// NR_111988","0006508 // proteolysis // inferred from electronic annotation","0005576 // extracellular region // inferred from electronic annotation /// 0005578 // proteinaceous extracellular matrix // non-traceable author statement /// 0031012 // extracellular matrix // inferred from electronic annotation","0004222 // metalloendopeptidase activity // traceable author statement /// 0005509 // calcium ion binding // inferred from electronic annotation /// 0008233 // peptidase activity // inferred from electronic annotation /// 0008237 // metallopeptidase activity // inferred from electronic annotation /// 0008270 // zinc ion binding // inferred from electronic annotation /// 0016787 // hydrolase activity // inferred from electronic annotation /// 0046872 // metal ion binding // inferred from electronic annotation",-1.86163532802113,1.97033008756498,-4.53811532589901,7.83435444819843e-05,0.0489404018920497,0.87520513899211,"79148"
"MRPL27","224330_s_at","AB049647","","Homo sapiens","Oct 6, 2014","Exemplar sequence","GenBank","gb:AB049647.1 /DB_XREF=gi:13559384 /GEN=MRPL27 /FEA=FLmRNA /CNT=1 /TID=HsAffx.900287.949 /TIER=FL /STK=0 /DEF=Homo sapiens MRPL27 mRNA for mitochondrial ribosomal protein L27 (L27mt), complete cds. /PROD=mitochondrial ribosomal protein L27 (L27mt) /FL=gb:AB049647.1","AB049647","mitochondrial ribosomal protein L27","51264","NM_016504 /// NM_148570 /// NM_148571","0006412 // translation // non-traceable author statement","0005622 // intracellular // inferred from electronic annotation /// 0005739 // mitochondrion // inferred from electronic annotation /// 0005762 // mitochondrial large ribosomal subunit // non-traceable author statement /// 0005840 // ribosome // inferred from electronic annotation /// 0030529 // ribonucleoprotein complex // inferred from electronic annotation","0003735 // structural constituent of ribosome // non-traceable author statement /// 0044822 // poly(A) RNA binding // inferred from direct assay",1.18491764723988,9.13723946407564,4.68741215403483,5.10932949304396e-05,0.0453645189742902,1.94262690408353,"51264"
"MTHFD2","201761_at","NM_006636","","Homo sapiens","Oct 6, 2014","Exemplar sequence","GenBank","gb:NM_006636.2 /DB_XREF=gi:13699869 /GEN=MTHFD2 /FEA=FLmRNA /CNT=242 /TID=Hs.154672.0 /TIER=FL+Stack /STK=67 /UG=Hs.154672 /LL=10797 /DEF=Homo sapiens methylene tetrahydrofolate dehydrogenase (NAD+ dependent), methenyltetrahydrofolate cyclohydrolase (MTHFD2), nuclear gene encoding mitochondrial protein, mRNA. /PROD=methylene tetrahydrofolate dehydrogenase (NAD+dependent), methenyltetrahydrofolate cyclohydrolase,precursor /FL=gb:NM_006636.2","NM_006636","methylenetetrahydrofolate dehydrogenase (NADP+ dependent) 2, methenyltetrahydrofolate cyclohydrolase","10797","NM_001040409 /// NM_006636 /// NR_027405 /// XM_006711924","0006730 // one-carbon metabolic process // not recorded /// 0008152 // metabolic process // inferred from electronic annotation /// 0009396 // folic acid-containing compound biosynthetic process // inferred from electronic annotation /// 0009408 // response to heat // inferred from electronic annotation /// 0046653 // tetrahydrofolate metabolic process // inferred from direct assay /// 0055114 // oxidation-reduction process // inferred from electronic annotation","0005615 // extracellular space // inferred from direct assay /// 0005739 // mitochondrion // not recorded /// 0005739 // mitochondrion // inferred from sequence or structural similarity /// 0005829 // cytosol // not recorded","0000287 // magnesium ion binding // inferred from direct assay /// 0003824 // catalytic activity // inferred from electronic annotation /// 0004329 // formate-tetrahydrofolate ligase activity // not recorded /// 0004477 // methenyltetrahydrofolate cyclohydrolase activity // not recorded /// 0004477 // methenyltetrahydrofolate cyclohydrolase activity // inferred from sequence or structural similarity /// 0004487 // methylenetetrahydrofolate dehydrogenase (NAD+) activity // inferred from direct assay /// 0004488 // methylenetetrahydrofolate dehydrogenase (NADP+) activity // inferred from direct assay /// 0016491 // oxidoreductase activity // inferred from electronic annotation /// 0016787 // hydrolase activity // inferred from electronic annotation /// 0042301 // phosphate ion binding // inferred from direct assay",0.827211584119571,11.0563592513738,4.54120411833943,7.76551095810086e-05,0.0489404018920497,1.53508214382627,"10797"
"NFKBID","230052_s_at","AA004799","","Homo sapiens","Oct 6, 2014","Consensus sequence","GenBank","gb:AA004799 /DB_XREF=gi:1448296 /DB_XREF=zh96b05.s1 /CLONE=IMAGE:429105 /FEA=EST /CNT=11 /TID=Hs.60088.0 /TIER=Stack /STK=10 /UG=Hs.60088 /UG_TITLE=ESTs","AA004799","nuclear factor of kappa light polypeptide gene enhancer in B-cells inhibitor, delta","84807","NM_139239 /// XM_005259340 /// XM_006723444","0006954 // inflammatory response // inferred from electronic annotation /// 0032088 // negative regulation of NF-kappaB transcription factor activity // inferred from electronic annotation /// 0033085 // negative regulation of T cell differentiation in thymus // inferred from electronic annotation /// 0043124 // negative regulation of I-kappaB kinase/NF-kappaB signaling // inferred from electronic annotation /// 0070245 // positive regulation of thymocyte apoptotic process // inferred from electronic annotation","0005634 // nucleus // inferred from electronic annotation","0005515 // protein binding // inferred from electronic annotation /// 0051059 // NF-kappaB binding // inferred from electronic annotation",-1.11670533574399,6.57969188349051,-4.849603428801,3.20621551389003e-05,0.0411129624000724,2.37141564872882,"84807"
"OLFM1","205591_at","NM_006334","","Homo sapiens","Oct 6, 2014","Exemplar sequence","GenBank","gb:NM_006334.1 /DB_XREF=gi:5453546 /GEN=AMY /FEA=FLmRNA /CNT=29 /TID=Hs.18551.0 /TIER=FL+Stack /STK=10 /UG=Hs.18551 /LL=10439 /DEF=Homo sapiens neuroblastoma (nerve tissue) protein (AMY), mRNA. /PROD=neuroblastoma (nerve tissue) protein /FL=gb:NM_006334.1 gb:D82343.1","NM_006334","olfactomedin 1","10439","NM_001282611 /// NM_001282612 /// NM_006334 /// NM_014279 /// NM_058199","0007275 // multicellular organismal development // inferred from electronic annotation /// 0007399 // nervous system development // traceable author statement /// 0051259 // protein oligomerization // inferred from electronic annotation","0005576 // extracellular region // inferred from electronic annotation /// 0005615 // extracellular space // inferred from electronic annotation /// 0030054 // cell junction // inferred from electronic annotation /// 0032281 // alpha-amino-3-hydroxy-5-methyl-4-isoxazolepropionic acid selective glutamate receptor complex // inferred from electronic annotation /// 0045202 // synapse // inferred from electronic annotation","0005515 // protein binding // inferred from physical interaction",-2.02048849958806,2.00034743144505,-5.40266030198102,6.50514559044329e-06,0.025920461276264,2.67780187188131,"10439"
"PDE4D","1554717_a_at","BC008390","","Homo sapiens","Oct 6, 2014","Consensus sequence","GenBank","gb:BC008390.1 /DB_XREF=gi:14249998 /TID=Hs2.172081.3 /CNT=5 /FEA=FLmRNA /TIER=FL /STK=1 /LL=5144 /UG_GENE=PDE4D /UG=Hs.172081 /DEF=Homo sapiens, phosphodiesterase 4D, cAMP-specific (dunce (Drosophila)-homolog phosphodiesterase E3), clone MGC:14475 IMAGE:4280941, mRNA, complete cds. /PROD=phosphodiesterase 4D, cAMP-specific (dunce(Drosophila)-homolog phosphodiesterase E3) /FL=gb:BC008390.1","BC008390","phosphodiesterase 4D, cAMP-specific","5144","NM_001104631 /// NM_001165899 /// NM_001197218 /// NM_001197219 /// NM_001197220 /// NM_001197221 /// NM_001197222 /// NM_001197223 /// NM_006203 /// XM_005248537 /// XM_005248538 /// XM_005248540 /// XM_005248541","0002027 // regulation of heart rate // inferred from sequence or structural similarity /// 0006198 // cAMP catabolic process // inferred from direct assay /// 0006198 // cAMP catabolic process // inferred from electronic annotation /// 0006198 // cAMP catabolic process // inferred from genetic interaction /// 0006198 // cAMP catabolic process // inferred from mutant phenotype /// 0006939 // smooth muscle contraction // inferred from electronic annotation /// 0007165 // signal transduction // inferred from electronic annotation /// 0007568 // aging // inferred from electronic annotation /// 0008152 // metabolic process // inferred from electronic annotation /// 0008152 // metabolic process // non-traceable author statement /// 0010469 // regulation of receptor activity // inferred from sequence or structural similarity /// 0010880 // regulation of release of sequestered calcium ion into cytosol by sarcoplasmic reticulum // inferred from sequence or structural similarity /// 0019933 // cAMP-mediated signaling // non-traceable author statement /// 0030593 // neutrophil chemotaxis // inferred from electronic annotation /// 0032729 // positive regulation of interferon-gamma production // inferred from mutant phenotype /// 0032743 // positive regulation of interleukin-2 production // inferred from mutant phenotype /// 0032754 // positive regulation of interleukin-5 production // inferred from mutant phenotype /// 0033137 // negative regulation of peptidyl-serine phosphorylation // inferred from sequence or structural similarity /// 0035264 // multicellular organism growth // inferred from electronic annotation /// 0045822 // negative regulation of heart contraction // inferred from sequence or structural similarity /// 0050852 // T cell receptor signaling pathway // inferred from mutant phenotype /// 0050900 // leukocyte migration // inferred from electronic annotation /// 0060314 // regulation of ryanodine-sensitive calcium-release channel activity // inferred from sequence or structural similarity /// 0061028 // establishment of endothelial barrier // inferred from sequence or structural similarity /// 0071222 // cellular response to lipopolysaccharide // inferred from electronic annotation /// 0071320 // cellular response to cAMP // inferred from direct assay /// 0071872 // cellular response to epinephrine stimulus // inferred from direct assay /// 0071872 // cellular response to epinephrine stimulus // inferred from electronic annotation /// 0071875 // adrenergic receptor signaling pathway // inferred from sequence or structural similarity /// 0086004 // regulation of cardiac muscle cell contraction // inferred from sequence or structural similarity /// 0086024 // adrenergic receptor signaling pathway involved in positive regulation of heart rate // inferred by curator /// 1901844 // regulation of cell communication by electrical coupling involved in cardiac conduction // inferred by curator /// 1901898 // negative regulation of relaxation of cardiac muscle // inferred from sequence or structural similarity","0005737 // cytoplasm // inferred from electronic annotation /// 0005815 // microtubule organizing center // inferred from electronic annotation /// 0005829 // cytosol // inferred from direct assay /// 0005829 // cytosol // traceable author statement /// 0005856 // cytoskeleton // inferred from electronic annotation /// 0005886 // plasma membrane // inferred from electronic annotation /// 0005891 // voltage-gated calcium channel complex // inferred from sequence or structural similarity /// 0016020 // membrane // inferred from direct assay /// 0016324 // apical plasma membrane // inferred from electronic annotation /// 0034704 // calcium channel complex // inferred from direct assay","0003824 // catalytic activity // inferred from electronic annotation /// 0004114 // 3',5'-cyclic-nucleotide phosphodiesterase activity // non-traceable author statement /// 0004115 // 3',5'-cyclic-AMP phosphodiesterase activity // inferred from direct assay /// 0004115 // 3',5'-cyclic-AMP phosphodiesterase activity // inferred from genetic interaction /// 0005515 // protein binding // inferred from physical interaction /// 0008081 // phosphoric diester hydrolase activity // inferred from electronic annotation /// 0008144 // drug binding // inferred from physical interaction /// 0016787 // hydrolase activity // inferred from electronic annotation /// 0019899 // enzyme binding // inferred from sequence or structural similarity /// 0030552 // cAMP binding // inferred from direct assay /// 0031625 // ubiquitin protein ligase binding // inferred from physical interaction /// 0031698 // beta-2 adrenergic receptor binding // inferred from sequence or structural similarity /// 0044325 // ion channel binding // inferred from physical interaction /// 0044325 // ion channel binding // inferred from sequence or structural similarity /// 0046872 // metal ion binding // inferred from electronic annotation /// 0051117 // ATPase binding // inferred from physical interaction /// 0097110 // scaffold protein binding // inferred from physical interaction",-2.10953101698977,2.46418723625386,-4.53444581560735,7.91692657676331e-05,0.0489404018920497,1.01714593955486,"5144"
"PDIA4","208658_at","BC000425","","Homo sapiens","Oct 6, 2014","Exemplar sequence","GenBank","gb:BC000425.1 /DB_XREF=gi:12653312 /FEA=FLmRNA /CNT=430 /TID=Hs.93659.1 /TIER=FL+Stack /STK=50 /UG=Hs.93659 /LL=9601 /UG_GENE=ERP70 /DEF=Homo sapiens, protein disulfide isomerase related protein (calcium-binding protein, intestinal-related), clone MGC:8346, mRNA, complete cds. /PROD=protein disulfide isomerase related protein(calcium-binding protein, intestinal-related) /FL=gb:BC001928.1 gb:BC000425.1","BC000425","protein disulfide isomerase family A, member 4","9601","NM_004911 /// XM_006716185","0006457 // protein folding // not recorded /// 0006662 // glycerol ether metabolic process // inferred from electronic annotation /// 0009306 // protein secretion // traceable author statement /// 0034976 // response to endoplasmic reticulum stress // not recorded /// 0045454 // cell redox homeostasis // inferred from electronic annotation /// 0061077 // chaperone-mediated protein folding // inferred from sequence or structural similarity","0005783 // endoplasmic reticulum // not recorded /// 0005788 // endoplasmic reticulum lumen // inferred from electronic annotation /// 0009986 // cell surface // inferred from direct assay /// 0042470 // melanosome // inferred from electronic annotation","0003756 // protein disulfide isomerase activity // not recorded /// 0003756 // protein disulfide isomerase activity // inferred from sequence or structural similarity /// 0005509 // calcium ion binding // inferred from electronic annotation /// 0005515 // protein binding // inferred from physical interaction /// 0009055 // electron carrier activity // inferred from electronic annotation /// 0015035 // protein disulfide oxidoreductase activity // inferred from electronic annotation /// 0016853 // isomerase activity // inferred from electronic annotation /// 0044822 // poly(A) RNA binding // inferred from direct assay",1.22714268240046,9.17123994983741,4.54594674308549,7.66097053790197e-05,0.0489404018920497,1.56729189483501,"9601"
"PDIA6","208639_x_at","BC001312","","Homo sapiens","Oct 6, 2014","Exemplar sequence","GenBank","gb:BC001312.1 /DB_XREF=gi:12654930 /FEA=FLmRNA /CNT=456 /TID=Hs.182429.1 /TIER=FL+Stack /STK=115 /UG=Hs.182429 /LL=10130 /UG_GENE=P5 /DEF=Homo sapiens, protein disulfide isomerase-related protein, clone MGC:5517, mRNA, complete cds. /PROD=protein disulfide isomerase-related protein /FL=gb:BC001312.1","BC001312","protein disulfide isomerase family A, member 6","10130","NM_001282704 /// NM_001282705 /// NM_001282706 /// NM_001282707 /// NM_005742 /// XM_005246145 /// XM_006711856","0006457 // protein folding // not recorded /// 0006662 // glycerol ether metabolic process // inferred from electronic annotation /// 0006810 // transport // inferred from electronic annotation /// 0006811 // ion transport // inferred from electronic annotation /// 0006879 // cellular iron ion homeostasis // traceable author statement /// 0006987 // activation of signaling protein activity involved in unfolded protein response // traceable author statement /// 0008286 // insulin receptor signaling pathway // traceable author statement /// 0015991 // ATP hydrolysis coupled proton transport // inferred from electronic annotation /// 0015992 // proton transport // inferred from electronic annotation /// 0030177 // positive regulation of Wnt signaling pathway // inferred from mutant phenotype /// 0030968 // endoplasmic reticulum unfolded protein response // traceable author statement /// 0033572 // transferrin transport // traceable author statement /// 0034976 // response to endoplasmic reticulum stress // not recorded /// 0043277 // apoptotic cell clearance // not recorded /// 0044267 // cellular protein metabolic process // traceable author statement /// 0045454 // cell redox homeostasis // inferred from electronic annotation /// 0051701 // interaction with host // traceable author statement /// 0055085 // transmembrane transport // traceable author statement /// 0090382 // phagosome maturation // traceable author statement","0005765 // lysosomal membrane // inferred from direct assay /// 0005783 // endoplasmic reticulum // not recorded /// 0005783 // endoplasmic reticulum // traceable author statement /// 0005788 // endoplasmic reticulum lumen // inferred from electronic annotation /// 0005789 // endoplasmic reticulum membrane // traceable author statement /// 0005793 // endoplasmic reticulum-Golgi intermediate compartment // inferred from direct assay /// 0005829 // cytosol // traceable author statement /// 0005886 // plasma membrane // inferred from electronic annotation /// 0016020 // membrane // inferred from electronic annotation /// 0033180 // proton-transporting V-type ATPase, V1 domain // inferred from electronic annotation /// 0042470 // melanosome // inferred from electronic annotation /// 0070062 // extracellular vesicular exosome // inferred from direct assay","0003756 // protein disulfide isomerase activity // not recorded /// 0005515 // protein binding // inferred from physical interaction /// 0008553 // hydrogen-exporting ATPase activity, phosphorylative mechanism // inferred from electronic annotation /// 0009055 // electron carrier activity // inferred from electronic annotation /// 0015035 // protein disulfide oxidoreductase activity // inferred from electronic annotation /// 0015078 // hydrogen ion transmembrane transporter activity // inferred from electronic annotation /// 0016853 // isomerase activity // inferred from electronic annotation /// 0046983 // protein dimerization activity // inferred from direct assay",1.41089310191147,10.253581733688,4.5018499970122,8.6892475476922e-05,0.0490147523319028,1.44219038211329,"10130"
"PITPNC1","219155_at","NM_012417","","Homo sapiens","Oct 6, 2014","Exemplar sequence","GenBank","gb:NM_012417.1 /DB_XREF=gi:6912623 /GEN=RDGBB /FEA=FLmRNA /CNT=39 /TID=Hs.109219.0 /TIER=FL /STK=0 /UG=Hs.109219 /LL=26207 /DEF=Homo sapiens retinal degeneration B beta (RDGBB), mRNA. /PROD=retinal degeneration B beta /FL=gb:NM_012417.1 gb:AF171102.1","NM_012417","phosphatidylinositol transfer protein, cytoplasmic 1","26207","NM_012417 /// NM_181671 /// XM_005257216","0006810 // transport // inferred from electronic annotation /// 0006869 // lipid transport // inferred from electronic annotation /// 0007165 // signal transduction // inferred from mutant phenotype /// 0015914 // phospholipid transport // inferred from mutant phenotype","0005622 // intracellular // inferred from electronic annotation /// 0005737 // cytoplasm // inferred from direct assay","0005515 // protein binding // inferred from physical interaction /// 0008289 // lipid binding // inferred from electronic annotation /// 0008526 // phosphatidylinositol transporter activity // inferred from mutant phenotype",-0.883968629059874,10.3946551870195,-5.18014058055902,1.23650793325737e-05,0.0321933672623079,3.25695500256247,"26207"
"PNPT1","225291_at","AI967971","","Homo sapiens","Oct 6, 2014","Consensus sequence","GenBank","gb:AI967971 /DB_XREF=gi:5764789 /DB_XREF=wu11e06.x1 /CLONE=IMAGE:2516674 /FEA=mRNA /CNT=85 /TID=Hs.24170.0 /TIER=Stack /STK=9 /UG=Hs.24170 /UG_TITLE=Homo sapiens, clone IMAGE:3459656, mRNA, partial cds","AI967971","polyribonucleotide nucleotidyltransferase 1","87178","NM_033109 /// XM_005264629","0000957 // mitochondrial RNA catabolic process // inferred from direct assay /// 0000958 // mitochondrial mRNA catabolic process // inferred from direct assay /// 0000962 // positive regulation of mitochondrial RNA catabolic process // inferred from direct assay /// 0000964 // mitochondrial RNA 5'-end processing // inferred from mutant phenotype /// 0000965 // mitochondrial RNA 3'-end processing // inferred from mutant phenotype /// 0006396 // RNA processing // inferred from electronic annotation /// 0006397 // mRNA processing // inferred from electronic annotation /// 0006401 // RNA catabolic process // inferred from direct assay /// 0006402 // mRNA catabolic process // inferred from direct assay /// 0006810 // transport // inferred from electronic annotation /// 0034599 // cellular response to oxidative stress // inferred from direct assay /// 0035458 // cellular response to interferon-beta // inferred from direct assay /// 0035927 // RNA import into mitochondrion // inferred from direct assay /// 0035928 // rRNA import into mitochondrion // inferred from direct assay /// 0043457 // regulation of cellular respiration // inferred from sequence or structural similarity /// 0043631 // RNA polyadenylation // inferred from direct assay /// 0045926 // negative regulation of growth // inferred from direct assay /// 0051260 // protein homooligomerization // inferred from direct assay /// 0061014 // positive regulation of mRNA catabolic process // inferred from mutant phenotype /// 0070207 // protein homotrimerization // inferred from direct assay /// 0070584 // mitochondrion morphogenesis // inferred from sequence or structural similarity /// 0071042 // nuclear polyadenylation-dependent mRNA catabolic process // inferred from direct assay /// 0071850 // mitotic cell cycle arrest // inferred from direct assay /// 0090305 // nucleic acid phosphodiester bond hydrolysis // inferred from electronic annotation /// 0090503 // RNA phosphodiester bond hydrolysis, exonucleolytic // inferred from direct assay /// 0090503 // RNA phosphodiester bond hydrolysis, exonucleolytic // inferred from electronic annotation /// 0097222 // mitochondrial mRNA polyadenylation // inferred from mutant phenotype /// 2000627 // positive regulation of miRNA catabolic process // inferred from direct assay /// 2000772 // regulation of cellular senescence // inferred from direct assay","0005737 // cytoplasm // inferred from direct assay /// 0005739 // mitochondrion // inferred from direct assay /// 0005758 // mitochondrial intermembrane space // inferred from direct assay /// 0005886 // plasma membrane // inferred from direct assay /// 0016020 // membrane // inferred from electronic annotation /// 0045025 // mitochondrial degradosome // inferred from direct assay","0000175 // 3'-5'-exoribonuclease activity // inferred from direct assay /// 0003723 // RNA binding // inferred from electronic annotation /// 0004518 // nuclease activity // inferred from electronic annotation /// 0004527 // exonuclease activity // inferred from electronic annotation /// 0004654 // polyribonucleotide nucleotidyltransferase activity // inferred from direct assay /// 0005515 // protein binding // inferred from physical interaction /// 0008266 // poly(U) RNA binding // inferred from direct assay /// 0016740 // transferase activity // inferred from electronic annotation /// 0016779 // nucleotidyltransferase activity // inferred from electronic annotation /// 0016787 // hydrolase activity // inferred from electronic annotation /// 0034046 // poly(G) binding // inferred from direct assay /// 0035198 // miRNA binding // inferred from direct assay /// 0044822 // poly(A) RNA binding // inferred from direct assay",1.23445728548493,9.27827635452234,4.66338271879382,5.47380477752443e-05,0.0453645189742902,1.87817380390857,"87178"
"POLR1A","222704_at","W93584","","Homo sapiens","Oct 6, 2014","Consensus sequence","GenBank","gb:W93584 /DB_XREF=gi:1422705 /DB_XREF=zd95f08.s1 /CLONE=IMAGE:357255 /FEA=FLmRNA /CNT=74 /TID=Hs.59475.0 /TIER=Stack /STK=16 /UG=Hs.59475 /LL=25885 /UG_GENE=DKFZP586M0122 /UG_TITLE=DKFZP586M0122 protein /FL=gb:NM_015425.1 gb:U33460.1","W93584","polymerase (RNA) I polypeptide A, 194kDa","25885","NM_015425 /// XM_006711983","0006351 // transcription, DNA-templated // inferred from electronic annotation /// 0006360 // transcription from RNA polymerase I promoter // traceable author statement /// 0006361 // transcription initiation from RNA polymerase I promoter // traceable author statement /// 0006362 // transcription elongation from RNA polymerase I promoter // traceable author statement /// 0006363 // termination of RNA polymerase I transcription // traceable author statement /// 0010467 // gene expression // traceable author statement","0005634 // nucleus // inferred from direct assay /// 0005654 // nucleoplasm // traceable author statement /// 0005730 // nucleolus // inferred from direct assay /// 0005736 // DNA-directed RNA polymerase I complex // inferred from electronic annotation /// 0005737 // cytoplasm // inferred from direct assay","0001054 // RNA polymerase I activity // not recorded /// 0003677 // DNA binding // inferred from electronic annotation /// 0003899 // DNA-directed RNA polymerase activity // inferred from electronic annotation /// 0005515 // protein binding // inferred from physical interaction /// 0008270 // zinc ion binding // inferred from electronic annotation /// 0016740 // transferase activity // inferred from electronic annotation /// 0016779 // nucleotidyltransferase activity // inferred from electronic annotation /// 0046872 // metal ion binding // inferred from electronic annotation",1.96016865851781,4.93266107208812,4.63503045420139,5.93712930488083e-05,0.0457200767245576,1.40506465640958,"25885"
"POMZP3","210910_s_at","BC000487","","Homo sapiens","Oct 6, 2014","Exemplar sequence","GenBank","gb:BC000487.1 /DB_XREF=gi:12653432 /FEA=FLmRNA /CNT=3 /TID=Hs.296380.1 /TIER=FL /STK=0 /UG=Hs.296380 /LL=22932 /UG_GENE=POMZP3 /DEF=Homo sapiens, Similar to POM (POM121 rat homolog) and ZP3 fusion protein, clone MGC:8359, mRNA, complete cds. /PROD=Similar to POM (POM121 rat homolog) and ZP3fusion protein /FL=gb:BC000487.1","BC000487","POM121 and ZP3 fusion","22932","NM_012230 /// NM_152992","","","",-1.22809375145788,6.23572873280574,-4.56574675687141,7.23936857746513e-05,0.0482541372979867,1.62620002581368,"22932"
"PRRC1","221734_at","BE328312","","Homo sapiens","Oct 6, 2014","Consensus sequence","GenBank","gb:BE328312 /DB_XREF=gi:9202173 /DB_XREF=hs95d12.x1 /CLONE=IMAGE:3144983 /FEA=EST /CNT=221 /TID=Hs.6614.0 /TIER=Stack /STK=36 /UG=Hs.6614 /UG_TITLE=ESTs, Weakly similar to A43932 mucin 2 precursor, intestinal (H.sapiens)","BE328312","proline-rich coiled-coil 1","133619","NM_001286808 /// NM_130809 /// XM_006714529","","0005794 // Golgi apparatus // inferred from electronic annotation","",1.34503119237106,7.36841720820097,4.64340109987368,5.79643430422501e-05,0.0457200767245576,1.8296110872667,"133619"
"PSMD1","201198_s_at","AI860431","","Homo sapiens","Oct 6, 2014","Consensus sequence","GenBank","gb:AI860431 /DB_XREF=gi:5514047 /DB_XREF=wl13h07.x1 /CLONE=IMAGE:2424829 /FEA=FLmRNA /CNT=322 /TID=Hs.3887.0 /TIER=Stack /STK=33 /UG=Hs.3887 /LL=5707 /UG_GENE=PSMD1 /UG_TITLE=proteasome (prosome, macropain) 26S subunit, non-ATPase, 1 /FL=gb:D44466.1 gb:NM_002807.1","AI860431","proteasome (prosome, macropain) 26S subunit, non-ATPase, 1","5707","NM_001191037 /// NM_002807 /// NR_034059","0000082 // G1/S transition of mitotic cell cycle // traceable author statement /// 0000209 // protein polyubiquitination // traceable author statement /// 0000278 // mitotic cell cycle // traceable author statement /// 0002474 // antigen processing and presentation of peptide antigen via MHC class I // traceable author statement /// 0002479 // antigen processing and presentation of exogenous peptide antigen via MHC class I, TAP-dependent // traceable author statement /// 0006521 // regulation of cellular amino acid metabolic process // traceable author statement /// 0006915 // apoptotic process // traceable author statement /// 0006977 // DNA damage response, signal transduction by p53 class mediator resulting in cell cycle arrest // traceable author statement /// 0010467 // gene expression // traceable author statement /// 0016032 // viral process // traceable author statement /// 0016070 // RNA metabolic process // traceable author statement /// 0016071 // mRNA metabolic process // traceable author statement /// 0031145 // anaphase-promoting complex-dependent proteasomal ubiquitin-dependent protein catabolic process // traceable author statement /// 0034641 // cellular nitrogen compound metabolic process // traceable author statement /// 0042176 // regulation of protein catabolic process // inferred from electronic annotation /// 0042590 // antigen processing and presentation of exogenous peptide antigen via MHC class I // traceable author statement /// 0042981 // regulation of apoptotic process // traceable author statement /// 0043066 // negative regulation of apoptotic process // traceable author statement /// 0044281 // small molecule metabolic process // traceable author statement /// 0050790 // regulation of catalytic activity // inferred from electronic annotation /// 0051436 // negative regulation of ubiquitin-protein ligase activity involved in mitotic cell cycle // traceable author statement /// 0051437 // positive regulation of ubiquitin-protein ligase activity involved in mitotic cell cycle // traceable author statement /// 0051439 // regulation of ubiquitin-protein ligase activity involved in mitotic cell cycle // traceable author statement","0000502 // proteasome complex // traceable author statement /// 0005654 // nucleoplasm // traceable author statement /// 0005829 // cytosol // traceable author statement /// 0005838 // proteasome regulatory particle // traceable author statement /// 0016020 // membrane // inferred from direct assay /// 0022624 // proteasome accessory complex // inferred from sequence or structural similarity /// 0070062 // extracellular vesicular exosome // inferred from direct assay","0005488 // binding // inferred from electronic annotation /// 0030234 // enzyme regulator activity // inferred from electronic annotation",1.07521247560147,8.90057210516209,4.69020580456091,5.06855007606716e-05,0.0453645189742902,1.95088023567815,"5707"
"RABGEF1","235407_at","BG435723","","Homo sapiens","Oct 6, 2014","Consensus sequence","GenBank","gb:BG435723 /DB_XREF=gi:13342229 /DB_XREF=602506825F1 /CLONE=IMAGE:4604046 /FEA=EST /CNT=12 /TID=Hs.119171.0 /TIER=ConsEnd /STK=0 /UG=Hs.119171 /UG_TITLE=ESTs, Weakly similar to ALU1_HUMAN ALU SUBFAMILY J SEQUENCE CONTAMINATION WARNING ENTRY (H.sapiens)","BG435723","RAB guanine nucleotide exchange factor (GEF) 1","27342","NM_001287060 /// NM_001287061 /// NM_001287062 /// NM_014504 /// NR_104676","0006810 // transport // inferred from electronic annotation /// 0006897 // endocytosis // inferred from electronic annotation /// 0008219 // cell death // inferred from electronic annotation /// 0015031 // protein transport // inferred from electronic annotation /// 0032313 // regulation of Rab GTPase activity // inferred from direct assay /// 0032851 // positive regulation of Rab GTPase activity // inferred from direct assay /// 0051260 // protein homooligomerization // inferred from electronic annotation","0005737 // cytoplasm // inferred from electronic annotation /// 0005768 // endosome // inferred from electronic annotation /// 0005769 // early endosome // inferred from electronic annotation /// 0005829 // cytosol // inferred from electronic annotation /// 0005886 // plasma membrane // inferred from electronic annotation /// 0016020 // membrane // inferred from electronic annotation /// 0055037 // recycling endosome // inferred from electronic annotation","0003677 // DNA binding // inferred from electronic annotation /// 0005515 // protein binding // inferred from physical interaction /// 0008270 // zinc ion binding // inferred from electronic annotation /// 0017112 // Rab guanyl-nucleotide exchange factor activity // inferred from direct assay /// 0046872 // metal ion binding // inferred from electronic annotation",-1.36250790318897,6.99491481018234,-4.67208483540048,5.33892604259167e-05,0.0453645189742902,1.9060974177829,"27342"
"RP9P","223945_x_at","AF274938","","Homo sapiens","Oct 6, 2014","Exemplar sequence","GenBank","gb:AF274938.1 /DB_XREF=gi:12751042 /FEA=FLmRNA /CNT=5 /TID=Hs.292057.0 /TIER=FL /STK=0 /UG=Hs.292057 /DEF=Homo sapiens PNAS-13 mRNA, complete cds. /PROD=PNAS-13 /FL=gb:AF274938.1","AF274938","retinitis pigmentosa 9 pseudogene","441212","NM_001039754 /// NR_003500","","","",-0.774425984113591,7.98084877732463,-5.12730754181505,1.4401614198274e-05,0.0328965266854366,3.11549702013154,"441212"
"RRBP1","201206_s_at","NM_004587","","Homo sapiens","Oct 6, 2014","Exemplar sequence","GenBank","gb:NM_004587.1 /DB_XREF=gi:4759055 /GEN=RRBP1 /FEA=FLmRNA /CNT=299 /TID=Hs.98614.0 /TIER=FL+Stack /STK=26 /UG=Hs.98614 /LL=6238 /DEF=Homo sapiens ribosome binding protein 1 (dog 180kD homolog) (RRBP1), mRNA. /PROD=ribosome binding protein 1 /FL=gb:AF006751.1 gb:NM_004587.1","NM_004587","ribosome binding protein 1","6238","NM_001042576 /// NM_004587","0001649 // osteoblast differentiation // inferred from direct assay /// 0006412 // translation // traceable author statement /// 0006810 // transport // inferred from electronic annotation /// 0007165 // signal transduction // non-traceable author statement /// 0015031 // protein transport // inferred from electronic annotation","0005783 // endoplasmic reticulum // inferred from direct assay /// 0005789 // endoplasmic reticulum membrane // inferred from electronic annotation /// 0005840 // ribosome // traceable author statement /// 0016020 // membrane // inferred from direct assay /// 0016021 // integral component of membrane // inferred from electronic annotation /// 0030176 // integral component of endoplasmic reticulum membrane // inferred from electronic annotation","0004872 // receptor activity // traceable author statement /// 0044822 // poly(A) RNA binding // inferred from direct assay",1.28071365235317,6.66219155470996,4.66801457436007,5.40159779693017e-05,0.0453645189742902,1.87975720760021,"6238"
"RYR2","214044_at","BE968750","","Homo sapiens","Oct 6, 2014","Consensus sequence","GenBank","gb:BE968750 /DB_XREF=gi:10579455 /DB_XREF=601649921F1 /CLONE=IMAGE:3933773 /FEA=EST /CNT=36 /TID=Hs.332699.0 /TIER=Stack /STK=16 /UG=Hs.332699 /UG_TITLE=Homo sapiens ryanodine receptor 2 (cardiac) (RYR2), mRNA","BE968750","ryanodine receptor 2 (cardiac)","6262","NM_001035 /// XM_006711802 /// XM_006711803 /// XM_006711804 /// XM_006711805 /// XM_006711806 /// XM_006711807 /// XM_006711808 /// XM_006711809 /// XM_006711810","0001666 // response to hypoxia // inferred from sequence or structural similarity /// 0002027 // regulation of heart rate // inferred from mutant phenotype /// 0003143 // embryonic heart tube morphogenesis // inferred from sequence or structural similarity /// 0003220 // left ventricular cardiac muscle tissue morphogenesis // inferred from sequence or structural similarity /// 0003300 // cardiac muscle hypertrophy // inferred from sequence or structural similarity /// 0005513 // detection of calcium ion // inferred from direct assay /// 0006810 // transport // inferred from electronic annotation /// 0006811 // ion transport // inferred from electronic annotation /// 0006816 // calcium ion transport // inferred from direct assay /// 0006874 // cellular calcium ion homeostasis // inferred from sequence or structural similarity /// 0007275 // multicellular organismal development // inferred from electronic annotation /// 0010460 // positive regulation of heart rate // inferred from sequence or structural similarity /// 0010881 // regulation of cardiac muscle contraction by regulation of the release of sequestered calcium ion // inferred by curator /// 0010881 // regulation of cardiac muscle contraction by regulation of the release of sequestered calcium ion // inferred from sequence or structural similarity /// 0014808 // release of sequestered calcium ion into cytosol by sarcoplasmic reticulum // inferred from mutant phenotype /// 0014808 // release of sequestered calcium ion into cytosol by sarcoplasmic reticulum // inferred from sequence or structural similarity /// 0019722 // calcium-mediated signaling // inferred from sequence or structural similarity /// 0030509 // BMP signaling pathway // inferred from electronic annotation /// 0031000 // response to caffeine // inferred from direct assay /// 0034220 // ion transmembrane transport // traceable author statement /// 0035584 // calcium-mediated signaling using intracellular calcium source // inferred from direct assay /// 0051209 // release of sequestered calcium ion into cytosol // inferred from direct assay /// 0051209 // release of sequestered calcium ion into cytosol // inferred from sequence or structural similarity /// 0051284 // positive regulation of sequestering of calcium ion // inferred from direct assay /// 0051480 // cytosolic calcium ion homeostasis // inferred from sequence or structural similarity /// 0051775 // response to redox state // inferred from direct assay /// 0055085 // transmembrane transport // traceable author statement /// 0055117 // regulation of cardiac muscle contraction // inferred from mutant phenotype /// 0060048 // cardiac muscle contraction // inferred from mutant phenotype /// 0060070 // canonical Wnt signaling pathway // inferred from electronic annotation /// 0060401 // cytosolic calcium ion transport // inferred from electronic annotation /// 0060402 // calcium ion transport into cytosol // inferred from direct assay /// 0070296 // sarcoplasmic reticulum calcium ion transport // traceable author statement /// 0070588 // calcium ion transmembrane transport // inferred from electronic annotation /// 0071313 // cellular response to caffeine // inferred from direct assay /// 0071313 // cellular response to caffeine // inferred from sequence or structural similarity /// 0071872 // cellular response to epinephrine stimulus // traceable author statement /// 0072599 // establishment of protein localization to endoplasmic reticulum // inferred from direct assay /// 0086005 // ventricular cardiac muscle cell action potential // inferred from sequence or structural similarity /// 0086029 // Purkinje myocyte to ventricular cardiac muscle cell signaling // inferred from sequence or structural similarity /// 0086064 // cell communication by electrical coupling involved in cardiac conduction // inferred by curator /// 0086094 // positive regulation of ryanodine-sensitive calcium-release channel activity by adrenergic receptor signaling pathway involved in positive regulation of cardiac muscle contraction // inferred from sequence or structural similarity /// 0097050 // type B pancreatic cell apoptotic process // inferred from mutant phenotype /// 1901896 // positive regulation of calcium-transporting ATPase activity // inferred from direct assay","0005886 // plasma membrane // inferred from sequence or structural similarity /// 0014701 // junctional sarcoplasmic reticulum membrane // traceable author statement /// 0016020 // membrane // inferred from direct assay /// 0016021 // integral component of membrane // inferred from electronic annotation /// 0016529 // sarcoplasmic reticulum // inferred from direct assay /// 0030017 // sarcomere // inferred from electronic annotation /// 0030018 // Z disc // inferred from sequence or structural similarity /// 0033017 // sarcoplasmic reticulum membrane // inferred from sequence or structural similarity /// 0033017 // sarcoplasmic reticulum membrane // traceable author statement /// 0034704 // calcium channel complex // inferred from direct assay /// 0043234 // protein complex // inferred from direct assay /// 0070062 // extracellular vesicular exosome // inferred from direct assay","0005216 // ion channel activity // inferred from electronic annotation /// 0005218 // intracellular ligand-gated calcium channel activity // inferred from sequence or structural similarity /// 0005219 // ryanodine-sensitive calcium-release channel activity // inferred from direct assay /// 0005262 // calcium channel activity // inferred from sequence or structural similarity /// 0005488 // binding // inferred from electronic annotation /// 0005509 // calcium ion binding // inferred from electronic annotation /// 0005515 // protein binding // inferred from physical interaction /// 0005516 // calmodulin binding // inferred from mutant phenotype /// 0005516 // calmodulin binding // inferred from physical interaction /// 0005516 // calmodulin binding // inferred from sequence or structural similarity /// 0015278 // calcium-release channel activity // inferred from direct assay /// 0019899 // enzyme binding // inferred from physical interaction /// 0019901 // protein kinase binding // inferred from electronic annotation /// 0034236 // protein kinase A catalytic subunit binding // inferred from direct assay /// 0034237 // protein kinase A regulatory subunit binding // inferred from direct assay /// 0042802 // identical protein binding // inferred from physical interaction /// 0043621 // protein self-association // inferred from electronic annotation /// 0043924 // suramin binding // inferred from mutant phenotype /// 0044325 // ion channel binding // inferred from sequence or structural similarity /// 0048763 // calcium-induced calcium release activity // inferred from direct assay",-1.84764777128131,2.74196879017041,-4.53225996882362,7.96652175288966e-05,0.0489404018920497,1.03902620675559,"6262"
"SEMA4C","46665_at","AI949392","","Homo sapiens","Oct 6, 2014","Consensus sequence","GenBank","Cluster Incl. AI949392:wq11a04.x1 Homo sapiens cDNA, 3 end /clone=IMAGE-2470926 /clone_end=3' /gb=AI949392 /gi=5741790 /ug=Hs.7188 /len=596","AI949392","sema domain, immunoglobulin domain (Ig), transmembrane domain (TM) and short cytoplasmic domain, (semaphorin) 4C","54910","NM_017789 /// XM_006712606","0001843 // neural tube closure // inferred from sequence or structural similarity /// 0007275 // multicellular organismal development // inferred from electronic annotation /// 0007399 // nervous system development // inferred from electronic annotation /// 0021535 // cell migration in hindbrain // inferred from sequence or structural similarity /// 0021549 // cerebellum development // inferred from electronic annotation /// 0030154 // cell differentiation // inferred from electronic annotation /// 0032874 // positive regulation of stress-activated MAPK cascade // inferred from direct assay /// 0042692 // muscle cell differentiation // inferred from direct assay /// 0071526 // semaphorin-plexin signaling pathway // inferred from sequence or structural similarity","0005615 // extracellular space // inferred from direct assay /// 0005886 // plasma membrane // inferred from electronic annotation /// 0014069 // postsynaptic density // inferred from sequence or structural similarity /// 0016020 // membrane // inferred from electronic annotation /// 0016021 // integral component of membrane // inferred from electronic annotation /// 0030054 // cell junction // inferred from electronic annotation /// 0030672 // synaptic vesicle membrane // inferred from sequence or structural similarity /// 0031410 // cytoplasmic vesicle // inferred from electronic annotation /// 0045202 // synapse // inferred from electronic annotation /// 0045211 // postsynaptic membrane // inferred from electronic annotation","0004872 // receptor activity // inferred from electronic annotation /// 0005515 // protein binding // inferred from electronic annotation",-1.27366652368401,8.45562942612648,-5.94417316884778,1.36818317903825e-06,0.0126853840460491,5.30022634644209,"54910"
"SIGLEC17P","232686_at","AI801574","","Homo sapiens","Oct 6, 2014","Consensus sequence","GenBank","gb:AI801574 /DB_XREF=gi:5367046 /DB_XREF=to91c01.x1 /CLONE=IMAGE:2185632 /FEA=mRNA /CNT=5 /TID=Hs.132045.0 /TIER=ConsEnd /STK=2 /UG=Hs.132045 /UG_TITLE=Homo sapiens HSPC078 mRNA, partial cds","AI801574","sialic acid binding Ig-like lectin 17, pseudogene","284367","NR_002804 /// NR_047529 /// NR_047530 /// NR_047531","","","",-1.43147393773194,6.43936856344507,-5.68123242796583,2.91348600019278e-06,0.0198348809985557,4.55473026924571,"284367"
"SLAMF7","219159_s_at","NM_021181","","Homo sapiens","Oct 6, 2014","Exemplar sequence","GenBank","gb:NM_021181.2 /DB_XREF=gi:12711663 /GEN=LOC57823 /FEA=FLmRNA /CNT=49 /TID=Hs.132906.0 /TIER=FL /STK=0 /UG=Hs.132906 /LL=57823 /DEF=Homo sapiens 19A24 protein (LOC57823), mRNA. /PROD=19A24 protein /FL=gb:NM_021181.2 gb:AF291815.1","NM_021181","SLAM family member 7","57823","NM_001282588 /// NM_001282589 /// NM_001282590 /// NM_001282591 /// NM_001282592 /// NM_001282593 /// NM_001282594 /// NM_001282595 /// NM_001282596 /// NM_021181 /// XM_005245386 /// XM_006711471","0007155 // cell adhesion // non-traceable author statement /// 0030101 // natural killer cell activation // non-traceable author statement /// 0032814 // regulation of natural killer cell activation // inferred from electronic annotation /// 0042267 // natural killer cell mediated cytotoxicity // non-traceable author statement","0005783 // endoplasmic reticulum // inferred from direct assay /// 0005886 // plasma membrane // inferred from electronic annotation /// 0009897 // external side of plasma membrane // inferred from electronic annotation /// 0016020 // membrane // inferred from electronic annotation /// 0016020 // membrane // non-traceable author statement /// 0016021 // integral component of membrane // inferred from electronic annotation","0004872 // receptor activity // inferred from electronic annotation /// 0005515 // protein binding // inferred from electronic annotation",1.70701897819554,8.12307980547008,4.58406448195389,6.86982852730867e-05,0.0482541372979867,1.67471740722449,"57823"
"SORBS3","209253_at","AF037261","","Homo sapiens","Oct 6, 2014","Exemplar sequence","GenBank","gb:AF037261.1 /DB_XREF=gi:3004947 /FEA=FLmRNA /CNT=124 /TID=Hs.33787.1 /TIER=FL+Stack /STK=46 /UG=Hs.33787 /LL=10174 /UG_GENE=SCAM-1 /DEF=Homo sapiens SH3-containing adaptor molecule-1 mRNA, complete cds. /PROD=SH3-containing adaptor molecule-1 /FL=gb:AF037261.1","AF037261","sorbin and SH3 domain containing 3","10174","NM_001018003 /// NM_005775 /// XM_005273370 /// XM_005273371 /// XM_006716266 /// XM_006716267 /// XM_006716268 /// XM_006716269 /// XM_006716270 /// XM_006716271 /// XR_428299","0000122 // negative regulation of transcription from RNA polymerase II promoter // inferred from electronic annotation /// 0006936 // muscle contraction // traceable author statement /// 0007015 // actin filament organization // inferred from electronic annotation /// 0007155 // cell adhesion // traceable author statement /// 0031589 // cell-substrate adhesion // inferred from electronic annotation /// 0043410 // positive regulation of MAPK cascade // inferred from electronic annotation /// 0051495 // positive regulation of cytoskeleton organization // non-traceable author statement /// 0051496 // positive regulation of stress fiber assembly // inferred from direct assay","0005634 // nucleus // inferred from electronic annotation /// 0005737 // cytoplasm // inferred from electronic annotation /// 0005829 // cytosol // traceable author statement /// 0005856 // cytoskeleton // inferred from electronic annotation /// 0005925 // focal adhesion // inferred from direct assay /// 0030054 // cell junction // inferred from electronic annotation","0005200 // structural constituent of cytoskeleton // traceable author statement /// 0005515 // protein binding // inferred from physical interaction /// 0008134 // transcription factor binding // inferred from electronic annotation /// 0017166 // vinculin binding // inferred from physical interaction",-1.10607809251238,6.55345896507137,-4.51029629081301,8.48224531523227e-05,0.0490147523319028,1.4827164061955,"10174"
"STARD10","232322_x_at","D60944","","Homo sapiens","Oct 6, 2014","Consensus sequence","GenBank","gb:D60944 /DB_XREF=gi:962583 /DB_XREF=HUM141D02B /CLONE=GEN-141D02 /FEA=mRNA /CNT=12 /TID=Hs.284134.0 /TIER=ConsEnd /STK=3 /UG=Hs.284134 /LL=10809 /UG_GENE=SDCCAG28 /UG_TITLE=serologically defined colon cancer antigen 28","D60944","StAR-related lipid transfer (START) domain containing 10","10809","NM_006645","0006810 // transport // inferred from electronic annotation /// 0006869 // lipid transport // inferred from electronic annotation","0005737 // cytoplasm // inferred from electronic annotation /// 0016020 // membrane // inferred from electronic annotation /// 0042995 // cell projection // inferred from electronic annotation","0005515 // protein binding // inferred from physical interaction /// 0008289 // lipid binding // inferred from electronic annotation",-0.909346020582015,6.49728705288627,-5.29227521710392,8.9460014168429e-06,0.025920461276264,3.53353184476033,"10809"
"STARD13","213103_at","AA128023","","Homo sapiens","Oct 6, 2014","Consensus sequence","GenBank","gb:AA128023 /DB_XREF=gi:1687303 /DB_XREF=zl14d03.s1 /CLONE=IMAGE:501893 /FEA=mRNA /CNT=74 /TID=Hs.13649.0 /TIER=Stack /STK=10 /UG=Hs.13649 /UG_TITLE=Novel human gene mapping to chomosome 13, similar to rat RhoGAP","AA128023","StAR-related lipid transfer (START) domain containing 13","90627","NM_001243466 /// NM_001243474 /// NM_001243476 /// NM_052851 /// NM_178006 /// NM_178007 /// NM_178008 /// XM_005266586 /// XM_006719888 /// XM_006719889","0007165 // signal transduction // inferred from electronic annotation /// 0007264 // small GTPase mediated signal transduction // traceable author statement /// 0043547 // positive regulation of GTPase activity // inferred from electronic annotation /// 0051056 // regulation of small GTPase mediated signal transduction // traceable author statement","0005622 // intracellular // inferred from electronic annotation /// 0005737 // cytoplasm // inferred from electronic annotation /// 0005739 // mitochondrion // inferred from electronic annotation /// 0005811 // lipid particle // inferred from electronic annotation /// 0005829 // cytosol // traceable author statement /// 0016020 // membrane // inferred from electronic annotation /// 0031966 // mitochondrial membrane // inferred from electronic annotation","0005096 // GTPase activator activity // inferred from electronic annotation /// 0005515 // protein binding // inferred from physical interaction /// 0008289 // lipid binding // inferred from electronic annotation",-1.75517595691073,3.52371562063983,-4.48127707673411,9.21459208155562e-05,0.049551216676068,1.10906650374073,"90627"
"STIP1","213330_s_at","BE886580","","Homo sapiens","Oct 6, 2014","Consensus sequence","GenBank","gb:BE886580 /DB_XREF=gi:10341010 /DB_XREF=601509325F1 /CLONE=IMAGE:3910566 /FEA=EST /CNT=46 /TID=Hs.75612.1 /TIER=Stack /STK=11 /UG=Hs.75612 /LL=10963 /UG_GENE=STIP1 /UG_TITLE=stress-induced-phosphoprotein 1 (Hsp70Hsp90-organizing protein)","BE886580","stress-induced phosphoprotein 1","10963","NM_001282652 /// NM_001282653 /// NM_006819","0006950 // response to stress // traceable author statement","0005634 // nucleus // traceable author statement /// 0005737 // cytoplasm // inferred from electronic annotation /// 0005794 // Golgi apparatus // traceable author statement /// 0043234 // protein complex // inferred from electronic annotation","0005515 // protein binding // inferred from physical interaction /// 0008022 // protein C-terminus binding // inferred from electronic annotation /// 0030544 // Hsp70 protein binding // inferred from electronic annotation /// 0044822 // poly(A) RNA binding // inferred from direct assay /// 0051087 // chaperone binding // inferred from electronic annotation",0.991269627902398,6.50122863491284,4.78586432901951,3.85119177868411e-05,0.0442635642238121,2.18333183592037,"10963"
"TARDBP","200020_at","NM_007375","","Homo sapiens","Oct 6, 2014","Exemplar sequence","GenBank","gb:NM_007375.1 /DB_XREF=gi:6678270 /GEN=TARDBP /FEA=FLmRNA /CNT=373 /TID=Hs.193989.0 /TIER=FL+Stack /STK=155 /UG=Hs.193989 /LL=23435 /DEF=Homo sapiens TAR DNA binding protein (TARDBP), mRNA. /PROD=TAR DNA binding protein /FL=gb:AL050265.1 gb:NM_007375.1 gb:U23731.1","NM_007375","TAR DNA binding protein","23435","NM_007375","0006351 // transcription, DNA-templated // inferred from electronic annotation /// 0006355 // regulation of transcription, DNA-templated // inferred from electronic annotation /// 0006366 // transcription from RNA polymerase II promoter // traceable author statement /// 0006397 // mRNA processing // inferred from electronic annotation /// 0008219 // cell death // inferred from electronic annotation /// 0008380 // RNA splicing // inferred from direct assay /// 0043922 // negative regulation by host of viral transcription // inferred from direct assay /// 0070935 // 3'-UTR-mediated mRNA stabilization // inferred from direct assay","0005634 // nucleus // inferred from direct assay /// 0005730 // nucleolus // inferred from direct assay","0000166 // nucleotide binding // inferred from electronic annotation /// 0003676 // nucleic acid binding // inferred from electronic annotation /// 0003677 // DNA binding // inferred from electronic annotation /// 0003690 // double-stranded DNA binding // inferred from direct assay /// 0003700 // sequence-specific DNA binding transcription factor activity // traceable author statement /// 0003723 // RNA binding // inferred from direct assay /// 0003730 // mRNA 3'-UTR binding // inferred from direct assay /// 0005515 // protein binding // inferred from physical interaction /// 0042802 // identical protein binding // inferred from physical interaction /// 0044822 // poly(A) RNA binding // inferred from direct assay",0.87562273864758,10.8855115035181,4.50165992575422,8.69396286378036e-05,0.0490147523319028,1.43189365998308,"23435"
"TNK1","205793_x_at","NM_003985","","Homo sapiens","Oct 6, 2014","Exemplar sequence","GenBank","gb:NM_003985.1 /DB_XREF=gi:4507610 /GEN=TNK1 /FEA=FLmRNA /CNT=25 /TID=Hs.203420.0 /TIER=FL+Stack /STK=15 /UG=Hs.203420 /LL=8711 /DEF=Homo sapiens tyrosine kinase, non-receptor, 1 (TNK1), mRNA. /PROD=tyrosine kinase, non-receptor, 1 /FL=gb:NM_003985.1 gb:U43408.1","NM_003985","tyrosine kinase, non-receptor, 1","8711","NM_001251902 /// NM_003985","0006468 // protein phosphorylation // traceable author statement /// 0007165 // signal transduction // traceable author statement /// 0016310 // phosphorylation // inferred from electronic annotation /// 0018108 // peptidyl-tyrosine phosphorylation // inferred from direct assay /// 0018108 // peptidyl-tyrosine phosphorylation // inferred from electronic annotation /// 0018108 // peptidyl-tyrosine phosphorylation // traceable author statement /// 0030308 // negative regulation of cell growth // inferred from electronic annotation /// 0046580 // negative regulation of Ras protein signal transduction // inferred from electronic annotation /// 0046777 // protein autophosphorylation // inferred from direct assay","0005737 // cytoplasm // inferred from direct assay /// 0005829 // cytosol // inferred from electronic annotation /// 0016020 // membrane // inferred from direct assay /// 0030054 // cell junction // inferred from direct assay","0000166 // nucleotide binding // inferred from electronic annotation /// 0004672 // protein kinase activity // inferred from electronic annotation /// 0004713 // protein tyrosine kinase activity // inferred from direct assay /// 0004715 // non-membrane spanning protein tyrosine kinase activity // non-traceable author statement /// 0004871 // signal transducer activity // traceable author statement /// 0005515 // protein binding // inferred from physical interaction /// 0005524 // ATP binding // inferred from direct assay /// 0016301 // kinase activity // inferred from electronic annotation /// 0016740 // transferase activity // inferred from electronic annotation /// 0016772 // transferase activity, transferring phosphorus-containing groups // inferred from electronic annotation",-1.13619307656024,5.21415804466068,-4.57245005003108,7.10190722186094e-05,0.0482541372979867,1.60469505263611,"8711"
"TP53TG1","210886_x_at","AB007457","","Homo sapiens","Oct 6, 2014","Exemplar sequence","GenBank","gb:AB007457.1 /DB_XREF=gi:5006270 /GEN=P53TG1 /FEA=FLmRNA /CNT=2 /TID=Hs.274329.2 /TIER=FL /STK=0 /UG=Hs.274329 /LL=11257 /DEF=Homo sapiens mRNA for P53TG1-C, complete cds. /PROD=P53TG1-C /FL=gb:AB007457.1","AB007457","TP53 target 1 (non-protein coding)","11257","NM_007233 /// NR_015381","0006950 // response to stress // traceable author statement /// 0006974 // cellular response to DNA damage stimulus // non-traceable author statement","","",-0.766301784942492,6.8619013375723,-5.0855556345362,1.62451983631785e-05,0.0328965266854366,2.99632064387996,"11257"
"TRIM25","224806_at","BE563152","","Homo sapiens","Oct 6, 2014","Consensus sequence","GenBank","gb:BE563152 /DB_XREF=gi:9806872 /DB_XREF=601335782F1 /CLONE=IMAGE:3689444 /FEA=mRNA /CNT=138 /TID=Hs.10362.0 /TIER=Stack /STK=47 /UG=Hs.10362 /UG_TITLE=Homo sapiens cDNA: FLJ20944 fis, clone ADSE01780","BE563152","tripartite motif containing 25","7706","NM_005082","0002376 // immune system process // inferred from electronic annotation /// 0006355 // regulation of transcription, DNA-templated // traceable author statement /// 0016032 // viral process // inferred from electronic annotation /// 0016567 // protein ubiquitination // inferred from electronic annotation /// 0019048 // modulation by virus of host morphology or physiology // inferred from electronic annotation /// 0032480 // negative regulation of type I interferon production // traceable author statement /// 0033280 // response to vitamin D // inferred from electronic annotation /// 0043123 // positive regulation of I-kappaB kinase/NF-kappaB signaling // inferred from direct assay /// 0043627 // response to estrogen // inferred from electronic annotation /// 0045087 // innate immune response // inferred from direct assay /// 0045087 // innate immune response // traceable author statement /// 0046596 // regulation of viral entry into host cell // inferred from direct assay /// 0051091 // positive regulation of sequence-specific DNA binding transcription factor activity // inferred from mutant phenotype /// 0051092 // positive regulation of NF-kappaB transcription factor activity // inferred from mutant phenotype /// 0051607 // defense response to virus // inferred from electronic annotation /// 1902186 // regulation of viral release from host cell // inferred from mutant phenotype","0005634 // nucleus // inferred from direct assay /// 0005730 // nucleolus // inferred from direct assay /// 0005737 // cytoplasm // inferred from direct assay /// 0005829 // cytosol // traceable author statement /// 0030054 // cell junction // inferred from direct assay","0003700 // sequence-specific DNA binding transcription factor activity // traceable author statement /// 0004842 // ubiquitin-protein transferase activity // inferred from electronic annotation /// 0005515 // protein binding // inferred from physical interaction /// 0008270 // zinc ion binding // inferred from electronic annotation /// 0016874 // ligase activity // inferred from electronic annotation /// 0016881 // acid-amino acid ligase activity // inferred from electronic annotation /// 0044822 // poly(A) RNA binding // inferred from direct assay /// 0046872 // metal ion binding // inferred from electronic annotation",0.988746254660105,11.0174609279344,4.74027976943355,4.39004458697909e-05,0.0442635642238121,2.07010120663285,"7706"
"TXLNA","212300_at","AL049795","","Homo sapiens","Oct 6, 2014","Consensus sequence","GenBank","gb:AL049795 /DB_XREF=gi:6010175 /FEA=mRNA /CNT=160 /TID=Hs.83004.0 /TIER=Stack /STK=87 /UG=Hs.83004 /LL=3599 /UG_GENE=IL14 /UG_TITLE=interleukin 14 /DEF=Human DNA sequence from clone RP4-622L5 on chromosome 1p34.2-36.11. Contains the gene for importin alpha 7 (karyopherin), up to six novel genes and the 5 end of the EIF3S2 gene for eukaryotic translation initiation factor 3 beta. Contains ESTs, S...","AL049795","taxilin alpha","200081","NM_175852 /// XM_005270594 /// XM_006710424","0006887 // exocytosis // inferred from electronic annotation /// 0008283 // cell proliferation // non-traceable author statement /// 0042113 // B cell activation // inferred from electronic annotation","0005576 // extracellular region // non-traceable author statement /// 0005737 // cytoplasm // inferred from direct assay /// 0016020 // membrane // inferred from direct assay","0005125 // cytokine activity // non-traceable author statement /// 0005515 // protein binding // inferred from physical interaction /// 0019905 // syntaxin binding // inferred from electronic annotation /// 0030372 // high molecular weight B cell growth factor receptor binding // non-traceable author statement",0.92264419071173,7.15100548559653,5.32104467168296,8.23309031729904e-06,0.025920461276264,3.60794075172117,"200081"
"VSIG2","229369_at","AI201858","","Homo sapiens","Oct 6, 2014","Consensus sequence","GenBank","gb:AI201858 /DB_XREF=gi:3754464 /DB_XREF=qs76h03.x1 /CLONE=IMAGE:1944053 /FEA=mRNA /CNT=19 /TID=Hs.112377.0 /TIER=Stack /STK=8 /UG=Hs.112377 /LL=23584 /UG_GENE=CTXL /UG_TITLE=cortic al thymocyte receptor (X. laevis CTX) like","AI201858","V-set and immunoglobulin domain containing 2","23584","NM_014312 /// XM_006718806 /// XR_428973","","0005887 // integral component of plasma membrane // traceable author statement /// 0016020 // membrane // traceable author statement /// 0016021 // integral component of membrane // inferred from electronic annotation","0005515 // protein binding // inferred from electronic annotation",-1.4330649675162,3.93130754581342,-4.56581735878369,7.23790713617225e-05,0.0482541372979867,1.37350132901455,"23584"
"VWA5A","210102_at","BC001234","","Homo sapiens","Oct 6, 2014","Exemplar sequence","GenBank","gb:BC001234.1 /DB_XREF=gi:12654782 /FEA=FLmRNA /CNT=19 /TID=Hs.152944.1 /TIER=FL+Stack /STK=11 /UG=Hs.152944 /LL=4013 /UG_GENE=LOH11CR2A /DEF=Homo sapiens, Similar to loss of heterozygosity, 11, chromosomal region 2, gene A, clone MGC:4904, mRNA, complete cds. /PROD=Similar to loss of heterozygosity, 11,chromosomal region 2, gene A /FL=gb:BC001234.1","BC001234","von Willebrand factor A domain containing 5A","4013","NM_001130142 /// NM_014622 /// NM_198315","","0005634 // nucleus // inferred from direct assay","",0.836513737594423,7.35853964787534,4.60188845674676,6.52820332494943e-05,0.0482541372979867,1.72191909836218,"4013"
"ZFP36L1","211962_s_at","BG250310","","Homo sapiens","Oct 6, 2014","Consensus sequence","GenBank","gb:BG250310 /DB_XREF=gi:12760126 /DB_XREF=602362443F1 /CLONE=IMAGE:4470898 /FEA=mRNA /CNT=387 /TID=Hs.85155.0 /TIER=Stack /STK=10 /UG=Hs.85155 /LL=677 /UG_GENE=BRF1 /UG_TITLE=butyrate response factor 1 (EGF-response factor 1)","BG250310","ZFP36 ring finger protein-like 1","677","NM_001244698 /// NM_001244701 /// NM_004926","0000288 // nuclear-transcribed mRNA catabolic process, deadenylation-dependent decay // inferred from electronic annotation /// 0001570 // vasculogenesis // inferred from electronic annotation /// 0006355 // regulation of transcription, DNA-templated // non-traceable author statement /// 0006417 // regulation of translation // inferred from electronic annotation /// 0010467 // gene expression // traceable author statement /// 0016070 // RNA metabolic process // traceable author statement /// 0016071 // mRNA metabolic process // traceable author statement /// 0033077 // T cell differentiation in thymus // inferred from electronic annotation /// 0043488 // regulation of mRNA stability // inferred from direct assay","0005634 // nucleus // inferred from electronic annotation /// 0005737 // cytoplasm // inferred from electronic annotation /// 0005829 // cytosol // traceable author statement","0003677 // DNA binding // inferred from electronic annotation /// 0003700 // sequence-specific DNA binding transcription factor activity // non-traceable author statement /// 0003729 // mRNA binding // inferred from direct assay /// 0005515 // protein binding // inferred from physical interaction /// 0044822 // poly(A) RNA binding // inferred from direct assay /// 0046872 // metal ion binding // inferred from electronic annotation",-1.03336426795419,10.4856044840675,-4.93142218379893,2.53335799101027e-05,0.0395746709024247,2.58325943465043,"677"
"ZNF165","206683_at","NM_003447","","Homo sapiens","Oct 6, 2014","Exemplar sequence","GenBank","gb:NM_003447.1 /DB_XREF=gi:4508000 /GEN=ZNF165 /FEA=FLmRNA /CNT=13 /TID=Hs.55481.0 /TIER=FL /STK=0 /UG=Hs.55481 /LL=7718 /DEF=Homo sapiens zinc finger protein 165 (ZNF165), mRNA. /PROD=zinc finger protein 165 /FL=gb:NM_003447.1 gb:U78722.1","NM_003447","zinc finger protein 165","7718","NM_003447 /// XM_005249371 /// XM_005249372 /// XM_005249373 /// XM_006715179","0006351 // transcription, DNA-templated // inferred from electronic annotation /// 0006355 // regulation of transcription, DNA-templated // inferred from electronic annotation","0005634 // nucleus // inferred from electronic annotation","0003676 // nucleic acid binding // inferred from electronic annotation /// 0003677 // DNA binding // inferred from electronic annotation /// 0003700 // sequence-specific DNA binding transcription factor activity // inferred from electronic annotation /// 0005515 // protein binding // inferred from physical interaction /// 0046872 // metal ion binding // inferred from electronic annotation",-2.08678531615524,2.89996172131876,-5.3520626034128,7.52799618975056e-06,0.025920461276264,2.91912980122097,"7718"
"ZNF365","206448_at","NM_014951","","Homo sapiens","Oct 6, 2014","Exemplar sequence","GenBank","gb:NM_014951.1 /DB_XREF=gi:7662331 /GEN=KIAA0844 /FEA=FLmRNA /CNT=15 /TID=Hs.22653.0 /TIER=FL /STK=5 /UG=Hs.22653 /LL=22891 /DEF=Homo sapiens KIAA0844 protein (KIAA0844), mRNA. /PROD=KIAA0844 protein /FL=gb:NM_014951.1 gb:AB020651.1","NM_014951","zinc finger protein 365","22891","NM_014951 /// NM_199450 /// NM_199451 /// NM_199452","","0005737 // cytoplasm // inferred from electronic annotation /// 0005815 // microtubule organizing center // inferred from electronic annotation /// 0005856 // cytoskeleton // inferred from electronic annotation","0005515 // protein binding // inferred from physical interaction",-0.939721843436601,5.52045315216456,-4.76365031138103,4.10503403095866e-05,0.0442635642238121,2.11137654114116,"22891"
